price,age,landValue,livingArea,bedrooms,bathrooms,rooms,heating,fuel,waterfront,newConstruction,centralAir
132500,42,50000,906,2,1,5,electric,electric,No,No,No
181115,0,22300,1953,3,2.5,6,hot water/steam,gas,No,No,No
109000,133,7300,1944,4,1,8,hot water/steam,gas,No,No,No
155000,13,18700,1944,3,1.5,5,hot air,gas,No,No,No
86060,0,15000,840,2,1,3,hot air,gas,No,Yes,Yes
120000,31,14000,1152,4,1,8,hot air,gas,No,No,No
153000,33,23300,2752,4,1.5,8,hot water/steam,oil,No,No,No
170000,23,14600,1662,4,1.5,9,hot air,oil,No,No,No
90000,36,22200,1632,3,1.5,8,electric,electric,No,No,No
122900,4,21200,1416,3,1.5,6,hot air,gas,No,No,No
325000,123,12600,2894,7,1,12,hot air,oil,No,No,No
120000,1,22300,1624,3,2,6,hot air,gas,No,No,No
85860,13,4800,704,2,1,4,electric,electric,No,No,No
97000,153,3100,1383,3,2,5,hot water/steam,gas,No,No,No
127000,9,300,1300,3,1.5,8,hot air,oil,No,No,No
89900,88,2500,936,3,1,4,hot water/steam,gas,No,No,No
155000,9,300,1300,3,1.5,7,hot air,oil,No,No,No
253750,0,49800,2816,4,2.5,12,hot air,gas,No,No,Yes
60000,82,8500,924,2,1,6,hot water/steam,oil,No,No,No
87500,17,19400,1092,3,1,6,hot air,oil,No,No,No
112000,12,8600,1056,3,1,7,electric,electric,No,No,No
104900,21,5600,1600,3,1.5,4,electric,electric,No,No,No
148635,1,6200,1576,3,2.5,7,hot air,gas,No,Yes,Yes
150000,24,5100,2080,3,2,6,hot air,oil,No,No,No
90400,16,5200,1600,3,1.5,4,electric,electric,No,No,No
248800,28,5500,2224,4,3,10,hot air,oil,No,No,No
135000,126,6000,1656,3,1,6,hot water/steam,oil,No,No,No
145000,26,4500,1170,4,1.5,5,hot air,oil,No,No,No
457000,53,2700,2461,4,2,10,hot air,oil,Yes,No,No
140000,56,19400,1544,3,1.5,7,hot air,oil,No,No,Yes
130000,51,24800,1220,2,1,4,hot water/steam,oil,No,No,No
187000,3,15200,1858,3,2.5,7,hot air,gas,No,No,No
229000,9,41100,2219,3,2,8,hot air,gas,No,No,No
227000,201,25500,1876,3,2.5,5,hot air,oil,No,No,No
179900,1,15200,2026,4,2.5,6,hot air,gas,No,No,No
169900,19,20200,1671,4,3,8,hot air,gas,No,No,Yes
209900,1,15200,2060,4,2.5,7,hot air,gas,No,No,No
169900,0,17300,1884,4,2.5,9,hot air,gas,No,No,No
293000,43,36600,2022,4,3,6,hot water/steam,gas,No,No,No
245900,0,20700,2394,4,2.5,7,hot air,gas,No,No,Yes
157000,45,20200,1390,3,1.5,6,hot air,gas,No,No,No
195000,32,27100,1954,4,2.5,8,hot air,gas,No,No,Yes
150000,54,24500,1554,3,1.5,5,hot air,oil,No,No,Yes
234900,9,41600,1976,3,2.5,6,hot air,gas,No,No,Yes
279550,0,44400,2479,4,2.5,10,hot air,gas,No,No,No
246500,0,17100,2714,4,2.5,9,hot air,gas,No,No,No
124000,98,15500,797,2,1,3,hot air,oil,No,No,No
138000,54,8900,1500,3,2.5,7,hot water/steam,gas,No,No,No
290000,73,61000,1838,4,2,8,hot air,oil,Yes,No,No
108000,48,19000,1042,2,2,3,hot air,gas,No,No,No
134900,10,8000,1782,3,2.5,6,hot air,gas,No,No,Yes
64500,16,1600,1480,2,2.5,5,hot air,gas,No,No,No
142000,20,13800,1426,3,2,6,hot air,gas,No,No,No
125000,32,11100,1404,3,2,5,hot air,gas,No,No,No
88000,15,3400,1480,3,1.5,5,hot water/steam,gas,No,No,Yes
135000,135,8100,1344,3,1,5,hot water/steam,gas,No,No,No
90000,14,1800,1480,2,2.5,5,hot air,gas,No,No,Yes
90100,15,2400,1480,3,1.5,7,hot water/steam,gas,No,No,No
126900,10,8400,1596,3,2.5,6,hot air,gas,No,No,No
175000,15,27200,1768,3,2,5,electric,electric,No,No,No
158000,10,12100,1348,2,2,3,hot air,gas,No,No,Yes
92000,14,1800,1480,3,1.5,8,hot air,gas,No,No,No
82800,225,3900,1483,3,1,7,hot air,gas,No,No,No
140000,25,8300,1576,4,1.5,5,hot air,gas,No,No,Yes
171000,15,24100,1008,2,1,7,electric,electric,No,No,No
200640,0,32000,2332,4,2.5,9,hot air,gas,No,Yes,No
139000,30,7500,1064,3,1,5,hot air,oil,No,No,No
225000,12,15300,2428,4,2.5,11,hot air,gas,No,No,Yes
182000,16,26600,1310,3,2,7,electric,electric,No,No,No
208767,0,32000,1662,3,2,7,hot air,gas,No,Yes,Yes
186000,0,4400,2000,4,2.5,7,hot air,gas,No,Yes,No
93000,14,2600,1480,3,1.5,6,hot air,gas,No,No,No
257386,0,32000,2969,4,4,10,hot air,gas,No,Yes,Yes
161000,10,10400,1542,3,2.5,5,hot air,gas,No,No,Yes
92000,18,6300,1527,4,2,7,hot air,oil,No,No,No
211002,0,32000,2195,4,2.5,8,hot air,gas,No,Yes,No
115000,14,1600,1480,3,1.5,6,hot air,gas,No,No,No
113000,53,9200,1452,3,2,7,hot water/steam,oil,No,No,Yes
216300,0,32000,2360,4,2.5,10,hot air,gas,No,Yes,No
145000,32,19000,1440,3,1,8,hot air,oil,No,No,No
114000,14,1600,1480,2,2.5,5,hot air,electric,No,No,No
139050,125,7300,1879,3,2.5,6,hot air,gas,No,No,No
104000,14,1600,1480,3,1.5,6,hot air,gas,No,No,No
169900,11,8700,1792,3,2.5,8,hot air,gas,No,No,No
177900,2,25000,1386,3,2.5,5,hot air,gas,No,No,No
133000,14,10300,1676,2,2,3,hot air,electric,No,No,Yes
185000,0,4000,768,4,2,9,hot air,gas,No,No,No
115000,16,10000,1560,3,1.5,8,electric,electric,No,No,Yes
100000,91,5000,1000,3,1,6,hot air,oil,No,No,No
117000,15,18900,1676,4,1.5,9,electric,electric,No,No,No
150000,11,19400,1656,3,1.5,6,electric,electric,No,No,No
187500,11,20600,2300,3,1.5,7,electric,electric,No,No,No
107000,25,18700,1712,3,1,6,hot air,gas,No,No,No
126900,26,18700,1350,3,1.5,5,hot air,gas,No,No,No
147000,15,18900,1676,3,2.5,6,hot air,gas,No,No,No
62000,103,10500,1317,3,1.5,7,hot water/steam,gas,No,No,No
101000,30,8700,1056,3,2,8,hot air,gas,No,No,No
143500,13,19900,912,3,1,7,hot air,gas,No,No,No
113400,18,4500,1232,2,2,3,electric,electric,No,No,No
76320,68,2000,1380,3,1,5,hot air,gas,No,No,No
110000,10,3100,936,3,1,6,hot air,gas,No,No,Yes
88000,49,3400,720,3,1,4,hot air,gas,No,No,No
108000,30,6500,1628,2,1.5,4,hot water/steam,oil,No,No,No
114900,41,5000,1144,3,1.5,6,hot air,gas,No,No,No
146000,2,3000,1827,3,2.5,9,hot air,gas,No,No,No
225000,8,3300,1784,3,2,6,hot water/steam,oil,No,No,No
138000,16,3700,1851,3,2.5,8,hot air,gas,No,No,Yes
218070,0,3500,2194,4,2.5,8,hot water/steam,gas,No,Yes,No
25000,75,900,920,2,1,6,hot air,oil,No,No,No
112000,36,3800,1280,3,1,5,hot water/steam,gas,No,No,No
112500,43,4600,1232,3,1,5,electric,electric,No,No,No
97000,45,3600,1406,3,1.5,6,hot water/steam,gas,No,No,No
121000,6,2500,1164,3,2,5,hot air,gas,No,No,No
65720,123,2100,1198,3,1,5,hot water/steam,gas,No,No,No
225000,10,6600,2206,4,2.5,8,hot air,gas,No,No,Yes
192000,0,5000,1880,3,2.5,9,hot air,gas,No,Yes,Yes
158500,6,3400,1368,3,1.5,8,hot air,oil,No,No,No
247000,16,6000,1901,3,2.5,5,hot air,gas,No,No,Yes
193777,11,3200,1547,3,2,8,hot air,gas,No,No,No
136500,12,5400,896,3,2,5,hot air,gas,No,No,No
75000,45,8000,1008,3,1,7,hot air,gas,No,No,No
45000,75,3900,912,2,1,4,hot air,gas,No,No,No
243000,12,3700,2443,3,2.5,6,hot air,gas,No,No,No
90000,83,3900,900,4,1,7,hot air,gas,No,No,No
158000,0,4400,2098,3,2,7,hot air,gas,No,Yes,Yes
174000,9,3000,2115,4,2.5,7,hot water/steam,gas,No,No,No
150000,12,4500,1344,2,2,7,hot air,gas,No,No,No
159650,3,5200,1106,3,1,8,hot air,gas,No,No,No
139062,33,6500,1440,3,2,6,hot water/steam,gas,No,No,No
84950,0,15000,840,2,1,3,hot air,gas,No,Yes,No
102000,10,7300,1170,2,1,6,hot air,gas,No,No,No
175000,15,23400,1664,4,1,5,hot air,oil,No,No,No
78500,153,27300,3024,4,1,12,hot air,oil,No,No,No
232478,0,15900,2598,4,2.5,9,hot air,gas,No,No,No
93805,0,15000,840,2,1.5,7,hot air,gas,No,Yes,No
119900,63,41500,1701,5,1,10,hot water/steam,oil,No,No,No
146000,33,41800,1456,3,1.5,6,hot air,oil,No,No,No
125000,44,19000,1224,3,1,4,hot air,oil,No,No,No
135000,48,21300,1411,3,1,5,hot air,gas,No,No,No
157500,29,39700,1608,3,1.5,5,hot air,oil,No,No,No
135000,178,44500,3020,4,2.5,12,hot water/steam,oil,No,No,No
142900,32,22500,1898,3,1.5,7,hot water/steam,gas,No,No,No
259900,1,36600,2544,4,2.5,9,hot air,gas,No,Yes,Yes
85000,16,22100,1038,2,1,7,electric,electric,No,No,No
180377,1,37000,1820,3,2.5,6,hot air,gas,No,Yes,No
163500,21,28400,2202,3,2,10,electric,electric,No,No,Yes
106500,53,20300,2387,3,1,6,hot air,oil,No,No,No
115000,16,20700,1368,2,1.5,3,electric,electric,No,No,Yes
115000,16,21000,1480,2,2,5,electric,electric,No,No,Yes
135000,15,19600,1348,2,1.5,5,electric,electric,No,No,Yes
198900,7,25500,1889,4,2.5,8,hot air,gas,No,No,Yes
139000,16,19600,1343,2,1.5,6,electric,electric,No,No,Yes
206000,15,39600,2011,3,2.5,7,hot air,gas,No,No,Yes
120000,15,28800,1180,2,1.5,3,hot air,gas,No,No,Yes
205980,1,45200,1983,3,2.5,5,hot air,gas,No,Yes,Yes
275000,14,72000,2253,3,2.5,7,hot air,gas,No,No,Yes
139000,12,24500,1604,2,1.5,4,hot air,gas,No,No,Yes
89900,83,11900,1196,3,1,6,hot air,gas,No,No,No
139900,13,24500,1602,2,2.5,7,hot air,gas,No,No,Yes
172750,1,37100,1747,3,2.5,5,hot air,gas,No,Yes,No
136000,37,19800,1092,3,1,5,hot water/steam,oil,No,No,No
270000,10,37800,2410,4,2.5,11,hot air,gas,No,No,Yes
174000,14,31100,1933,3,2.5,6,hot air,gas,No,No,Yes
379000,9,57200,3080,4,2.5,12,hot air,gas,No,No,Yes
382500,13,75500,4534,6,2.5,12,hot air,oil,No,No,Yes
144900,14,26000,1677,3,2.5,5,hot air,gas,No,No,Yes
349900,7,57800,2900,4,2.5,11,hot air,gas,No,No,Yes
133000,16,20300,1392,2,1.5,5,electric,electric,No,No,Yes
115000,15,22400,1058,2,1.5,7,hot air,gas,No,No,No
211950,1,29200,2342,4,2.5,8,hot air,gas,No,Yes,Yes
227812,0,37200,2206,4,2.5,10,hot air,gas,No,Yes,Yes
164400,1,36200,1516,3,2,5,hot air,gas,No,Yes,Yes
340000,12,82500,2836,4,2.5,10,hot air,gas,No,No,Yes
139900,15,35200,1256,2,1.5,7,hot air,gas,No,No,Yes
279900,6,20000,2340,4,3.5,10,hot air,gas,No,No,Yes
225000,0,53900,2129,4,2.5,9,hot air,gas,No,Yes,Yes
144500,15,16800,1343,2,2.5,4,hot air,gas,No,No,Yes
362710,0,24300,2963,4,2.5,10,hot air,gas,No,Yes,Yes
247000,13,36600,2114,4,3.5,8,hot air,gas,No,No,Yes
120000,16,21400,1144,2,1,7,electric,electric,No,No,Yes
136000,33,14900,988,3,1,7,hot air,oil,No,No,No
228500,9,45800,1475,3,2,4,hot air,gas,No,No,No
162800,10,28500,1247,3,1.5,7,hot air,gas,No,No,No
230000,48,23500,1912,5,2,10,hot water/steam,gas,No,No,No
115800,23,19700,1440,3,1.5,5,hot air,oil,No,No,No
175000,16,30100,1596,3,2,6,hot air,gas,No,No,Yes
263008,0,24400,2665,4,2.5,11,hot air,gas,No,Yes,Yes
146000,35,28000,1984,3,1.5,8,hot water/steam,gas,No,No,No
204900,10,35800,1616,3,2,6,hot air,gas,No,No,Yes
265000,9,40500,1917,3,2.5,5,hot air,gas,No,No,No
167500,37,16400,2592,3,1.5,9,hot water/steam,oil,No,No,No
205000,6,25500,1845,3,2.5,9,hot air,gas,No,No,No
170000,53,29000,1360,4,1,9,hot air,oil,No,No,Yes
176000,35,26200,1664,3,1.5,6,hot air,gas,No,No,Yes
132000,15,22400,1098,2,1.5,3,hot air,gas,No,No,Yes
115500,17,9900,1214,2,1.5,4,electric,electric,No,No,No
150000,93,9200,1046,3,1,6,electric,electric,No,No,No
120000,103,32200,1144,3,1,8,hot air,oil,No,No,No
125000,16,22000,1140,2,2,6,hot air,gas,No,No,Yes
150000,14,21000,1232,2,1.5,5,hot air,gas,No,No,No
362360,0,153800,3020,4,2.5,9,hot air,gas,No,Yes,Yes
133500,19,27000,1508,3,2,6,hot air,gas,No,No,No
91000,19,15700,912,2,1.5,5,electric,electric,No,No,No
104000,18,27000,1508,3,1.5,4,electric,electric,No,No,No
148000,17,27000,1561,3,1.5,6,hot air,gas,No,No,No
182000,30,26400,2625,4,2.5,8,hot water/steam,gas,No,No,No
152500,30,19600,936,3,1,7,hot water/steam,gas,No,No,No
97000,19,15700,912,2,1.5,3,electric,electric,No,No,No
113000,16,15100,1492,3,2.5,8,electric,electric,No,No,No
172000,30,26300,1599,4,2.5,5,hot water/steam,gas,No,No,No
179900,25,25000,2304,5,2.5,9,electric,electric,No,No,No
84000,19,15700,912,2,1.5,7,electric,electric,No,No,No
117900,17,15100,1385,2,1.5,7,hot air,gas,No,No,Yes
177000,17,27000,1561,4,1.5,8,electric,electric,No,No,No
107500,20,15700,884,2,2,3,hot water/steam,gas,No,No,No
92500,18,15700,912,2,2,4,electric,electric,No,No,No
102900,17,15700,912,2,1.5,3,electric,gas,No,No,No
134800,73,20500,1384,3,2,5,hot air,oil,No,No,No
150000,7,30000,1334,3,1.5,4,hot air,gas,No,No,No
165000,10,26200,1433,3,2,5,hot air,gas,No,No,Yes
120000,16,15100,1492,3,2.5,6,electric,electric,No,No,No
177500,16,27000,1561,4,1.5,9,hot air,gas,No,No,Yes
300000,11,32000,936,1,1,3,electric,electric,Yes,No,No
123500,16,15100,1492,3,2.5,8,electric,electric,No,No,No
141000,18,15100,1853,3,2.5,7,electric,electric,No,No,No
105400,15,15100,1240,2,1.5,7,electric,electric,No,No,No
100600,19,15800,912,2,1.5,6,electric,electric,No,No,No
108900,19,15800,912,2,1.5,3,hot air,gas,No,No,No
105500,19,15700,912,2,1.5,6,hot water/steam,gas,No,No,No
109900,19,15100,1184,3,1.5,8,hot water/steam,gas,No,No,No
172700,18,27000,1638,3,2,6,electric,electric,No,No,No
166500,16,27000,1508,3,2,6,electric,electric,No,No,No
105000,50,18000,672,2,1,5,electric,electric,No,No,No
490000,18,79700,1346,3,2,6,hot air,oil,Yes,No,No
120000,18,15100,1184,3,2,5,electric,electric,No,No,No
107500,16,15700,912,2,1.5,4,hot air,gas,No,No,No
116600,18,15700,912,2,1.5,5,electric,electric,No,No,No
65000,19,15700,988,2,2,4,hot air,gas,No,No,No
118000,19,15100,1184,3,2,6,hot air,gas,No,No,No
115900,16,15100,1385,2,1.5,4,electric,electric,No,No,No
100000,18,15700,912,2,1.5,3,hot water/steam,gas,No,No,No
171000,18,27000,1548,3,2,5,hot air,gas,No,No,Yes
188000,17,27000,1561,4,1.5,9,electric,electric,No,No,No
140000,24,21000,1008,2,1,3,hot air,gas,No,No,Yes
124500,17,15200,1385,2,1.5,4,electric,electric,No,No,No
107200,19,15700,908,2,1,6,hot air,gas,No,No,No
107500,138,1400,2246,4,1.5,9,hot water/steam,oil,No,No,No
180000,16,5900,1820,3,2.5,5,hot air,gas,No,No,No
214325,0,13000,2554,4,2.5,9,hot air,gas,No,Yes,Yes
128850,16,5500,824,3,1.5,5,electric,electric,No,No,No
208700,0,15000,2458,4,2.5,9,hot air,gas,No,No,No
139900,22,10500,1324,3,1,4,electric,electric,No,No,No
350000,12,20000,2916,3,2.5,9,hot air,gas,No,No,Yes
108000,19,15100,1032,2,1.5,4,electric,electric,No,No,No
115500,16,15700,912,2,1.5,4,electric,electric,No,No,No
135000,35,19600,1320,2,1,3,electric,electric,No,No,No
135000,17,27000,1508,3,1.5,8,hot air,gas,No,No,No
107400,16,15700,912,2,1.5,7,electric,electric,No,No,No
233000,12,31200,2040,4,2.5,7,hot air,gas,No,No,Yes
105000,17,15700,912,2,1.5,5,electric,electric,No,No,No
335000,10,53600,1776,2,2,6,hot air,oil,No,No,Yes
139000,25,25000,1304,3,2,8,electric,electric,No,No,No
209500,10,26200,1836,4,2.5,8,hot air,gas,No,No,Yes
101000,18,15800,912,2,2,3,electric,electric,No,No,No
77500,19,15700,912,2,1.5,6,electric,electric,No,No,No
150500,16,27000,1527,2,2,7,electric,electric,No,No,No
167000,17,5700,1454,3,1.5,7,electric,electric,No,No,No
114000,26,4600,1700,3,1.5,4,hot water/steam,oil,No,No,No
160000,27,7000,1680,4,1,9,electric,electric,No,No,No
85000,0,13000,2401,4,2.5,10,hot air,gas,No,No,Yes
143000,21,11000,1176,3,1,7,electric,electric,No,No,No
126000,24,9800,1344,3,1.5,7,electric,electric,No,No,No
140000,23,10400,1344,3,1.5,8,electric,electric,No,No,No
140000,9,13000,1714,3,2.5,8,hot water/steam,gas,No,No,No
205000,20,29000,1992,4,3,9,hot air,gas,No,No,No
79900,19,18200,924,2,1,7,hot air,gas,No,No,Yes
139000,24,17600,1290,2,1.5,3,hot air,gas,No,No,Yes
190000,36,27400,2521,4,2.5,10,hot water/steam,gas,No,No,No
151500,58,22700,1377,3,1.5,7,hot water/steam,oil,No,No,No
97500,19,16400,1237,2,1.5,6,hot air,gas,No,No,Yes
194500,41,32300,2310,4,2.5,7,hot water/steam,gas,No,No,Yes
195160,0,35000,1863,3,2.5,9,hot air,gas,No,No,No
152500,26,37500,1693,3,1.5,8,hot air,gas,No,No,Yes
159500,26,31400,1684,3,2.5,4,hot air,gas,No,No,Yes
185000,16,40900,1585,3,1.5,4,electric,electric,No,No,Yes
240000,8,72400,2290,4,3,9,hot air,gas,No,No,Yes
187900,32,30000,2464,5,2.5,9,hot air,gas,No,No,Yes
262000,5,29000,2549,4,2.5,12,hot air,gas,No,No,Yes
212500,6,36500,2316,4,2.5,7,hot air,gas,No,No,Yes
220000,18,43000,2600,4,2.5,8,hot air,gas,No,No,Yes
245000,15,65800,2677,4,2.5,10,hot air,gas,No,No,Yes
120000,19,16400,1479,3,1.5,4,electric,electric,No,No,Yes
102500,16,18500,1138,2,1,7,electric,electric,No,No,Yes
136000,24,18900,1576,3,2.5,4,hot water/steam,gas,No,No,No
212500,10,52200,2084,4,2.5,9,hot air,gas,No,No,Yes
205900,26,35900,1726,3,2,8,hot air,gas,No,No,Yes
259900,2,49900,1851,2,2,4,hot air,gas,No,No,Yes
191500,30,27400,2310,5,2.5,12,hot air,gas,No,No,No
272500,0,56800,2930,4,2.5,12,hot air,gas,No,No,No
191500,33,35900,2576,4,2.5,10,hot water/steam,gas,No,No,No
158000,36,30500,1664,3,2,8,hot water/steam,gas,No,No,No
195000,24,46000,1237,2,1.5,3,electric,electric,No,No,No
187500,29,31400,2662,5,2.5,9,hot air,gas,No,No,Yes
160000,35,32300,1575,3,1.5,7,hot air,gas,No,No,No
137500,12,18000,1566,2,1.5,7,hot air,gas,No,No,Yes
109900,16,17600,1326,2,1.5,4,hot air,gas,No,No,Yes
85000,18,17600,1480,3,1.5,8,hot water/steam,gas,No,No,No
184350,0,38400,2161,4,2.5,11,hot air,gas,No,No,No
134500,10,18600,1352,2,1.5,3,hot air,gas,No,No,Yes
154900,33,34600,1648,3,1.5,8,hot air,gas,No,No,Yes
255000,25,60500,2936,3,3.5,12,hot air,gas,No,No,Yes
238600,1,36400,2404,4,2.5,10,hot air,gas,No,No,No
106000,36,30900,1738,3,1.5,9,hot air,gas,No,No,No
625000,14,119500,5228,4,4,12,hot air,gas,No,No,Yes
195000,34,30500,2576,4,2.5,12,hot water/steam,gas,No,No,No
168500,34,31800,1586,3,1.5,7,hot air,gas,No,No,No
87000,19,16400,1480,3,1.5,5,electric,electric,No,No,No
215000,15,37000,1917,4,2.5,7,hot air,gas,No,No,No
197500,30,24500,1938,3,1.5,9,hot air,gas,No,No,Yes
215000,3,11600,2110,4,2.5,8,hot air,gas,No,No,Yes
118000,19,18400,1479,3,1.5,5,hot air,gas,No,No,No
187900,34,34700,2576,5,2.5,9,hot water/steam,gas,No,No,No
275000,18,60800,2445,4,2.5,9,hot air,gas,No,No,Yes
249900,14,73800,2185,3,2.5,7,hot air,gas,No,No,Yes
270000,18,82800,2078,4,2.5,8,hot air,electric,No,No,Yes
157900,37,29100,1674,3,1.5,5,hot air,gas,No,No,No
120000,19,20300,1228,4,1.5,9,electric,electric,No,No,No
126400,22,19500,1375,2,1.5,7,electric,electric,No,No,Yes
220000,16,30200,1650,3,2,5,hot air,gas,No,No,Yes
180000,31,21900,1718,3,1.5,9,hot air,gas,No,No,Yes
203600,33,31700,2576,4,2.5,9,hot water/steam,gas,No,No,No
249900,4,37500,2280,4,2.5,7,hot air,gas,No,No,No
193000,18,25000,2088,4,2.5,10,hot water/steam,gas,No,No,No
215000,15,37000,1917,4,2.5,9,hot air,gas,No,No,No
201000,29,30200,3140,5,3.5,10,hot water/steam,gas,No,No,No
65000,73,6900,1029,3,1,4,hot air,gas,No,No,No
195000,36,39800,1896,4,2.5,7,hot air,gas,No,No,Yes
215900,38,29600,2310,5,2.5,9,hot water/steam,gas,No,No,No
92000,17,19600,924,2,1,6,electric,electric,No,No,No
155000,25,38000,2080,3,2.5,9,electric,gas,No,No,Yes
123500,22,17200,1237,3,1.5,4,electric,electric,No,No,Yes
110400,29,18000,1287,3,1.5,5,hot air,gas,No,No,Yes
198900,18,33200,1847,3,2.5,7,hot water/steam,gas,No,No,No
150000,49,41900,1064,3,1,8,hot air,gas,No,No,Yes
104000,18,16800,1480,3,1.5,4,hot air,gas,No,No,Yes
245000,23,48500,2462,5,3.5,8,hot air,gas,No,No,Yes
180000,17,25400,2228,3,2.5,7,hot water/steam,gas,No,No,No
154300,61,14700,1260,3,1,8,hot water/steam,gas,No,No,No
170000,30,30000,1559,4,2.5,5,hot air,gas,No,No,No
219000,25,71000,1980,4,2.5,10,hot air,gas,No,No,Yes
295000,9,78000,2380,3,2.5,6,hot air,gas,No,No,No
181500,27,30800,1887,4,2.5,8,hot water/steam,gas,No,No,No
260000,133,43500,2185,4,1.5,11,hot water/steam,gas,No,No,No
239900,15,69400,2488,4,2.5,7,electric,electric,No,No,Yes
135500,56,21100,1152,1,2,3,hot air,gas,No,No,No
191500,15,32100,2025,4,2.5,9,hot water/steam,gas,No,No,No
225000,37,32600,2521,5,2.5,12,hot water/steam,gas,No,No,No
98500,18,17200,1480,3,1.5,4,hot air,gas,No,No,Yes
110500,17,17200,1480,3,1.5,5,hot air,gas,No,No,Yes
290000,7,39100,2362,4,2.5,8,hot air,gas,No,No,No
184400,31,23200,1910,3,1.5,7,hot air,gas,No,No,Yes
178500,12,32000,1952,3,2,9,hot air,oil,No,No,No
415000,9,86400,3358,4,3.5,12,hot air,gas,No,No,Yes
244900,26,39000,2090,4,2.5,7,hot air,gas,No,No,Yes
150000,35,33000,1965,5,2,11,hot air,gas,No,No,Yes
168000,33,34100,2110,4,1.5,9,hot air,gas,No,No,Yes
159000,43,29600,1456,4,2.5,9,hot air,gas,No,No,No
127000,18,16400,1479,3,1.5,7,hot air,gas,No,No,No
175000,29,27400,1874,4,2.5,7,hot water/steam,gas,No,No,No
255250,0,17500,2099,4,2.5,8,hot air,gas,No,No,No
175000,33,32000,1872,3,2.5,8,hot water/steam,gas,No,No,No
235000,17,44300,2388,4,2.5,11,electric,electric,No,No,Yes
324000,18,65800,2812,4,2.5,12,hot air,gas,No,No,Yes
173000,11,19100,1064,2,2,4,hot air,gas,No,No,No
116900,20,16400,1375,2,1.5,7,hot air,gas,No,No,Yes
105900,19,17600,1480,3,1.5,5,hot air,electric,No,No,No
112000,25,18300,1260,2,1.5,5,hot air,gas,No,No,Yes
235000,15,40300,2086,3,2.5,5,hot air,gas,No,No,Yes
235000,9,43900,2588,4,2.5,12,hot air,oil,No,No,No
130000,18,18800,1480,3,1.5,4,electric,electric,No,No,No
235000,10,35700,1752,3,2.5,7,hot air,gas,No,No,No
191900,32,28200,2660,4,2.5,11,hot water/steam,gas,No,No,No
284900,20,69500,2417,3,2.5,9,hot air,gas,No,No,Yes
335000,21,79100,2793,3,2.5,7,hot air,gas,No,No,Yes
140000,78,21200,1152,2,1,6,hot water/steam,oil,No,No,No
191000,29,25400,2344,4,2.5,9,hot water/steam,gas,No,No,No
153000,33,34600,1926,4,1.5,6,hot air,gas,No,No,Yes
196000,35,34800,2208,4,2.5,9,hot air,gas,No,No,Yes
248000,16,60500,2208,3,2.5,7,hot air,gas,No,No,Yes
240000,35,32000,2708,5,2.5,12,hot water/steam,gas,No,No,No
132000,18,18900,1142,3,1.5,6,hot air,gas,No,No,Yes
199000,32,48300,2529,3,2,7,hot air,gas,No,No,Yes
217000,20,35500,1797,4,2,9,electric,electric,No,No,No
167000,31,34600,1611,3,1.5,4,hot air,gas,No,No,No
245000,13,31400,2576,4,2.5,10,hot air,gas,No,No,Yes
358000,10,79600,2653,4,2.5,10,hot air,gas,No,No,Yes
412500,13,88000,3896,5,4.5,12,hot water/steam,gas,No,No,Yes
208000,16,37500,1585,3,1,6,hot air,gas,No,No,Yes
270000,10,38000,2774,4,2.5,8,hot air,gas,No,No,Yes
100000,54,28300,1283,2,1,3,hot air,gas,No,No,No
130000,29,34800,1136,3,1,6,hot air,oil,No,No,No
182500,32,35100,1896,4,2.5,6,hot water/steam,gas,No,No,No
139000,55,60200,1536,2,1,7,hot water/steam,gas,No,No,No
104000,19,17600,1480,3,1.5,5,electric,electric,No,No,No
221000,14,37300,2096,4,2.5,8,hot air,gas,No,No,Yes
260000,8,40200,2324,4,2.5,7,hot air,gas,No,No,Yes
182500,29,29000,2079,4,2.5,7,hot water/steam,gas,No,No,No
196000,33,31400,1911,4,1.5,10,hot air,gas,No,No,Yes
132000,18,17600,1480,3,1.5,7,hot air,gas,No,No,Yes
224900,25,32900,2208,4,2.5,10,hot water/steam,gas,No,No,No
199900,9,28000,1462,3,2.5,7,hot air,gas,No,No,No
165835,38,29600,1794,4,1.5,10,hot air,gas,No,No,No
189000,38,35500,1886,4,2.5,9,hot water/steam,gas,No,No,No
89900,19,13300,1080,3,1.5,7,electric,electric,No,No,No
235000,34,31700,2576,5,3,11,hot water/steam,gas,No,No,Yes
166000,26,31200,1508,4,1.5,5,hot water/steam,gas,No,No,No
153100,35,32700,1672,4,1,5,hot air,gas,No,No,No
162000,35,30000,1739,4,1.5,9,hot air,gas,No,No,Yes
224000,40,29600,3074,7,2.5,12,hot water/steam,gas,No,No,No
222400,3,35600,1976,3,2.5,8,hot air,gas,No,No,No
199000,37,27400,2302,4,2.5,8,hot water/steam,gas,No,No,No
166000,13,9500,1480,3,2,4,hot air,gas,No,No,Yes
149900,11,17900,960,2,2,5,hot water/steam,gas,No,No,No
152000,16,17400,1582,3,1.5,8,electric,electric,No,No,No
162500,154,11900,1600,4,1,7,hot air,oil,No,No,No
274900,5,4000,2320,4,2.5,9,hot air,gas,No,No,No
100000,14,7200,1034,2,1.5,5,hot water/steam,gas,No,No,No
215000,19,11000,1488,3,1.5,8,electric,electric,No,No,No
124000,17,3500,1056,3,1,8,electric,electric,No,No,No
125000,128,16200,864,3,1,6,hot air,oil,No,No,No
138000,19,17600,1552,3,2,4,electric,electric,No,No,No
225000,11,18200,1816,3,1.5,6,hot air,gas,No,No,No
180000,20,12500,1530,3,2,6,hot air,gas,No,No,Yes
189900,14,11900,1756,4,2,8,hot air,gas,No,No,Yes
435000,25,25000,4211,5,3.5,12,hot water/steam,gas,No,No,No
120000,10,20200,2206,3,2.5,7,hot air,oil,No,No,No
163000,64,36000,1092,2,1,6,hot air,oil,Yes,No,No
131000,114,28300,1594,7,1,10,hot water/steam,oil,No,No,No
126500,15,2100,1480,3,2.5,8,hot air,gas,No,No,No
122500,15,3200,1480,3,1.5,4,hot air,gas,No,No,Yes
425000,88,19700,3003,4,3.5,12,hot air,gas,No,No,Yes
225000,54,9500,2164,2,1.5,7,hot water/steam,oil,No,No,No
209000,19,14400,1519,2,1,3,hot water/steam,oil,No,No,No
189100,15,15700,1604,3,2.5,4,hot air,oil,No,No,Yes
285000,25,15900,1400,3,2,5,electric,electric,No,No,No
266600,12,20300,1752,4,1,7,hot air,gas,No,No,No
80000,32,20300,880,2,1.5,6,electric,electric,No,No,No
225000,14,25700,1240,3,2,5,hot air,oil,No,No,No
159000,17,18800,1514,3,1.5,8,hot air,gas,No,No,No
119900,2,15000,840,1,1,6,hot air,gas,No,No,Yes
130900,1,15000,840,2,1,3,hot air,gas,No,No,Yes
194670,124,7400,2592,4,1.5,12,hot air,gas,No,No,No
72000,121,7300,1010,3,1,7,hot air,gas,No,No,No
144700,2,15000,1380,3,1.5,6,hot air,gas,No,No,No
139500,3,15000,1366,3,1.5,8,hot air,gas,No,No,Yes
319000,5,40200,1681,3,2.5,4,hot air,gas,Yes,No,Yes
348000,14,27200,2037,3,2,9,hot water/steam,oil,No,No,No
189900,16,11200,2570,3,1.5,10,hot water/steam,oil,No,No,No
20000,59,8000,936,2,1,4,hot air,oil,No,No,No
60000,13,1200,960,2,1.5,7,hot water/steam,gas,No,No,No
179500,11,3200,1352,3,1.5,5,hot air,oil,No,No,No
133300,118,6200,1060,4,1,8,hot water/steam,gas,No,No,No
153000,6,40100,1508,3,2,5,hot air,oil,No,No,No
111900,54,19600,1272,4,1.5,9,hot air,oil,No,No,No
187000,18,18800,2389,6,3,11,hot water/steam,oil,No,No,No
158500,17,28800,1210,2,1,4,hot air,gas,No,No,No
153000,52,21800,1230,3,1,6,hot air,oil,No,No,No
190000,47,28100,1832,4,2,8,hot air,oil,No,No,No
242000,27,34200,1854,3,1.5,8,hot water/steam,oil,No,No,No
234500,164,40000,2268,3,2.5,10,hot air,oil,No,No,No
225000,29,28700,1807,3,1.5,8,hot air,oil,No,No,No
165000,48,21300,1272,4,1.5,5,hot air,gas,No,No,No
129900,12,4800,1560,3,1,8,hot air,gas,No,No,Yes
315000,15,200,1863,3,3.5,7,hot air,gas,No,No,Yes
129900,64,1400,1120,2,1,3,hot air,oil,Yes,No,No
257000,15,700,1832,2,2.5,8,hot air,gas,No,No,Yes
324000,0,7400,2092,4,2.5,8,hot air,oil,No,No,Yes
520000,13,3100,2702,3,2.5,11,hot air,oil,No,No,No
150414,32,5800,1040,3,1.5,5,hot water/steam,oil,No,No,No
290000,13,400,1758,2,2.5,6,hot air,gas,No,No,Yes
112000,116,6800,2326,3,2,7,hot air,oil,No,No,No
185000,13,13700,2340,3,1.5,8,electric,electric,No,No,No
295000,1,15700,2058,3,2.5,9,hot water/steam,oil,No,No,No
290000,33,21700,944,1,1,4,hot air,oil,Yes,No,No
79900,44,9100,640,2,1,6,electric,electric,No,No,No
256000,6,14700,2353,4,2.5,8,hot air,gas,No,No,Yes
245000,7,17800,2038,4,2.5,7,hot water/steam,gas,No,No,No
140000,32,18500,1469,4,1.5,9,hot air,gas,No,No,Yes
272000,10,41100,2219,3,2,10,hot air,gas,No,No,No
164000,16,19900,1774,4,2,7,hot air,gas,No,No,No
182500,51,14600,1296,4,2,9,hot air,oil,No,No,Yes
219900,124,20100,2289,4,1.5,9,hot water/steam,oil,No,No,No
325000,134,18100,2463,5,2.5,12,hot air,gas,No,No,No
352000,2,49200,3126,4,2.5,12,hot air,oil,No,No,Yes
315000,15,26600,2550,3,2.5,7,hot water/steam,oil,No,No,No
154000,49,13100,1182,2,1,6,hot air,oil,No,No,Yes
199000,48,15800,1890,4,2,7,hot air,oil,No,No,Yes
202000,12,500,1944,3,2.5,7,hot air,oil,No,No,No
292000,6,15000,2815,4,2.5,10,hot air,gas,No,No,No
116600,11,34900,1040,3,2,7,electric,electric,No,No,No
155000,25,14400,1638,4,2,5,hot air,oil,No,No,No
215000,13,21100,2206,4,2.5,9,hot air,gas,No,No,No
373490,0,74800,3170,4,3.5,12,hot air,gas,No,Yes,No
259142,0,74800,2328,4,2.5,10,hot air,gas,No,Yes,Yes
293565,0,74800,2737,4,3,8,hot air,gas,No,Yes,No
285558,0,32000,2879,4,3,8,hot air,gas,No,Yes,No
273960,1,20300,2158,3,2,10,hot air,gas,No,Yes,Yes
185000,11,19300,1336,3,2,7,hot air,gas,No,No,Yes
190000,4,4200,1594,3,2.5,6,hot air,gas,No,No,No
171000,11,18900,1603,3,1.5,4,hot air,gas,No,No,Yes
208000,11,18900,2190,4,2.5,11,hot air,gas,No,No,Yes
168000,10,10700,1478,3,2.5,5,hot air,gas,No,No,Yes
165000,10,8400,1348,2,2,7,hot air,gas,No,No,Yes
138500,36,8000,1558,3,1,6,hot air,gas,No,No,Yes
179900,13,18300,1574,3,1.5,7,hot air,gas,No,No,No
180000,13,16500,1612,4,2,7,hot air,gas,No,No,Yes
112000,129,7300,1216,3,1,7,hot water/steam,gas,No,No,No
152000,124,6000,2256,4,1.5,8,hot air,gas,No,No,Yes
100000,28,15000,1170,3,1.5,4,hot air,oil,No,No,No
154000,29,4600,1456,3,2,6,hot air,oil,No,No,No
133000,29,3900,1320,3,3,5,electric,electric,No,No,No
285000,14,20700,2076,4,2.5,10,hot air,gas,No,No,Yes
138000,22,16800,1326,3,2,5,electric,electric,No,No,No
303000,20,20900,2240,4,2.5,10,electric,electric,No,No,No
250000,19,21600,2100,4,3,7,hot air,gas,No,No,Yes
167500,27,8300,1129,2,1,7,hot air,oil,No,No,No
190000,19,16000,2296,4,2.5,7,hot air,gas,No,No,Yes
182500,20,13800,1475,3,2,8,hot air,gas,No,No,No
107000,20,20100,1268,3,1,6,hot air,gas,No,No,No
195000,15,14100,1816,3,2,7,hot air,gas,No,No,No
169000,30,15000,1632,4,2.5,8,hot water/steam,gas,No,No,No
156000,11,8700,1254,2,1.5,5,hot air,gas,No,No,No
120000,30,64400,1272,3,1,4,hot air,gas,No,No,No
170000,29,80800,1604,4,1.5,6,hot air,gas,No,No,Yes
249835,0,77000,2474,4,2.5,11,hot air,gas,No,No,Yes
188095,0,36000,2057,3,2.5,9,hot air,gas,No,No,Yes
176450,6,32000,1852,3,2.5,8,electric,electric,No,No,Yes
322277,1,51400,2242,3,3,8,hot air,gas,No,No,Yes
149000,32,64400,1564,4,1.5,9,hot air,gas,No,No,No
95000,24,39200,960,3,1,6,electric,electric,No,No,No
198500,63,85000,1680,2,2.5,7,hot air,gas,No,No,Yes
185000,3,27000,1428,2,2.5,6,hot air,gas,No,No,Yes
168900,0,36800,1672,3,2.5,7,hot air,gas,No,No,Yes
220000,29,80800,2284,3,1.5,6,hot air,gas,No,No,Yes
129900,31,54200,1286,3,1,4,hot air,gas,No,No,Yes
167000,53,73000,1250,3,1,4,hot water/steam,gas,No,No,No
330000,113,51300,1896,4,1.5,8,hot water/steam,oil,No,No,No
336000,1,61000,2592,3,3,10,hot air,gas,No,No,Yes
512971,0,12500,1904,2,2,8,hot air,gas,No,No,Yes
229000,3,46400,1680,3,2,6,hot air,gas,No,No,Yes
145000,38,54900,1152,2,1,7,hot air,gas,No,No,No
103000,16,46600,1290,3,1.5,5,electric,electric,No,No,Yes
210000,93,55800,2396,4,1.5,11,hot air,gas,No,No,No
559000,55,255000,3090,4,4,12,hot water/steam,gas,No,No,Yes
218000,142,107000,1428,3,1,8,hot water/steam,oil,No,No,No
262138,0,114000,1631,3,2.5,4,hot air,gas,No,No,Yes
125000,33,49100,1368,3,1,7,hot air,gas,No,No,No
130000,36,54900,1134,3,1,4,hot air,gas,No,No,No
157500,27,84600,1697,3,1.5,6,hot air,gas,No,No,Yes
193000,6,47000,1666,3,2.5,4,hot air,gas,No,No,Yes
275000,78,89000,1738,4,2.5,6,hot water/steam,oil,No,No,Yes
240000,103,210000,1457,2,1.5,7,hot water/steam,gas,No,No,No
200136,0,54000,1632,3,2.5,7,hot air,gas,No,No,Yes
395000,12,128500,2186,3,2.5,6,hot air,gas,No,No,Yes
366703,0,95000,2117,3,2.5,6,hot air,electric,No,No,Yes
103150,32,50000,936,3,1,8,hot air,gas,No,No,No
310000,169,220000,3347,6,2.5,12,hot water/steam,gas,No,No,No
142900,32,50600,1824,4,2.5,10,hot air,gas,No,No,Yes
359770,1,62600,2592,3,3,8,hot air,gas,No,No,Yes
126000,64,84200,1080,2,1,7,hot air,oil,No,No,No
760000,2,194700,3148,5,3.5,12,hot air,gas,No,No,Yes
282500,150,115000,2128,3,1.5,8,hot water/steam,gas,No,No,No
132000,18,28800,1616,3,1.5,8,hot air,gas,No,No,No
325000,5,73800,3313,4,2.5,12,hot air,gas,No,No,Yes
207000,25,57800,2327,3,1.5,10,hot water/steam,gas,No,No,No
155000,32,49100,1640,4,1.5,7,hot air,gas,No,No,Yes
330000,73,89000,1421,3,1.5,5,hot water/steam,gas,No,No,No
101760,103,54000,1280,2,1,3,hot water/steam,gas,No,No,No
496000,3,82400,3467,4,2.5,11,hot air,gas,No,No,Yes
185000,83,87000,1250,3,1.5,5,hot water/steam,gas,No,No,No
125000,33,50000,1368,3,1,5,hot air,gas,No,No,No
286000,1,110200,1396,3,2.5,8,hot air,gas,No,No,No
269000,15,36000,2004,3,2.5,8,hot air,gas,No,No,Yes
303374,1,56200,2242,3,3,6,hot air,gas,No,No,Yes
371165,0,85400,2786,4,2.5,8,hot air,gas,No,No,No
287600,0,48200,2242,3,2.5,6,hot air,gas,No,No,Yes
131000,33,55400,1404,3,1,6,hot air,gas,No,No,No
187000,25,98500,1600,3,1.5,7,hot air,gas,No,No,Yes
169000,103,36000,1408,2,1,3,hot air,gas,No,No,No
133500,37,59400,972,3,1,8,hot air,gas,No,No,No
620000,14,125100,4856,5,4,12,hot air,oil,No,No,Yes
549254,0,63000,2885,3,2.5,11,hot air,gas,No,No,Yes
280000,82,83000,1560,2,1,6,hot air,gas,No,No,No
135000,33,50600,1472,3,1,8,hot air,gas,No,No,No
195388,0,35200,2124,3,2.5,10,hot air,gas,No,No,Yes
337020,1,114000,2162,3,2.5,7,hot air,gas,No,No,Yes
330850,0,89600,2515,4,2.5,8,hot air,gas,No,No,No
248495,0,98500,2294,4,2.5,11,hot air,gas,No,No,Yes
120000,123,63300,1744,4,1,6,hot air,gas,No,No,No
240000,0,90800,2022,3,2.5,8,hot air,gas,No,No,Yes
235000,34,72000,1578,3,2,8,hot water/steam,gas,No,No,Yes
500075,0,239300,3400,3,3,12,hot air,gas,Yes,No,Yes
240000,13,48200,1744,3,2.5,6,hot air,gas,No,No,Yes
270000,0,89600,2560,3,2.5,9,hot air,gas,No,No,Yes
225000,51,89000,1398,3,2.5,4,hot air,gas,No,No,Yes
280000,0,62600,2494,3,2.5,8,hot air,gas,No,No,Yes
225000,27,57800,2208,4,2.5,11,hot air,gas,No,No,Yes
248220,0,89600,2550,3,2.5,7,hot air,gas,No,No,Yes
275000,16,27000,1812,2,2.5,7,hot air,gas,No,No,Yes
137000,50,89000,1290,2,1,3,hot water/steam,gas,No,No,No
150000,16,52200,1172,2,2,3,hot air,gas,No,No,No
649000,10,192900,4128,3,3.5,12,hot air,gas,No,No,Yes
195000,17,64400,1816,3,2.5,5,electric,electric,No,No,Yes
373200,4,99500,2628,4,2.5,8,hot air,gas,No,No,No
169450,0,36000,1254,3,2.5,4,hot air,gas,No,No,Yes
144200,113,54000,1660,4,1.5,9,hot air,gas,No,No,No
189900,43,73500,1850,3,1.5,7,hot air,gas,No,No,No
166000,0,35200,1258,3,2,8,hot air,gas,No,No,Yes
160000,0,42400,1219,3,2,5,hot air,gas,No,No,Yes
327355,14,59400,1850,3,2.5,6,hot air,gas,No,No,Yes
247000,9,52400,2103,3,2.5,7,hot air,gas,No,No,No
318000,3,73800,1806,3,2.5,8,hot air,gas,No,No,Yes
341000,52,250000,1674,2,1.5,4,hot water/steam,gas,No,No,No
288650,0,49800,2242,3,2.5,10,hot air,gas,No,No,Yes
157000,103,27000,1408,3,1.5,4,hot air,gas,No,No,No
449000,20,124800,3457,3,2.5,12,electric,electric,No,No,Yes
142000,28,50400,1728,3,1.5,6,hot air,gas,No,No,No
389000,16,125900,2354,3,2.5,6,electric,electric,No,No,Yes
476000,4,87200,2246,3,2.5,9,hot air,gas,No,No,Yes
249230,0,119700,1902,2,2.5,4,hot air,gas,No,No,Yes
139900,30,53000,1178,3,1,7,hot air,gas,No,No,No
301900,0,103500,2896,4,3.5,11,hot air,gas,No,No,Yes
425000,24,124800,2457,3,3,9,hot air,gas,No,No,Yes
121000,32,50000,936,3,1,8,hot air,gas,No,No,No
150000,123,103000,934,2,1,7,hot water/steam,gas,No,No,No
138000,30,52400,1279,3,1,6,hot air,gas,No,No,No
199900,6,69400,1888,3,2,5,hot water/steam,gas,No,No,No
145000,33,63700,1686,4,1.5,7,hot air,gas,No,No,No
465000,22,61000,2310,2,3,7,hot air,gas,No,No,Yes
158000,1,48200,1200,3,1.5,4,hot air,gas,No,No,Yes
375000,50,78800,1944,3,2.5,7,hot air,gas,No,No,Yes
147783,51,50600,1184,3,1,5,electric,electric,No,No,No
339000,3,83600,2000,3,2.5,5,hot air,gas,No,No,Yes
267000,14,48200,1744,3,2.5,9,hot air,gas,No,No,Yes
290000,3,108300,1620,3,2.5,7,hot air,gas,No,No,Yes
271295,1,67000,2359,4,2.5,11,hot air,gas,No,No,Yes
278140,1,98000,2230,3,2.5,10,hot air,gas,No,No,Yes
138000,94,46800,1147,2,1.5,3,hot air,gas,No,No,No
367500,2,78200,2205,3,2.5,10,hot air,gas,No,No,Yes
428500,4,87200,3243,4,2.5,11,hot air,gas,No,No,Yes
140000,34,57800,1431,3,1.5,5,hot air,gas,No,No,No
140000,35,56600,936,3,1,7,hot air,gas,No,No,No
145000,33,53000,1368,3,1.5,7,hot air,gas,No,No,Yes
280000,16,48200,1800,3,2.5,8,hot air,electric,No,No,Yes
190400,16,49500,1920,3,1.5,9,hot air,gas,No,No,No
267000,83,87000,1416,3,2,7,hot water/steam,gas,No,No,No
164900,77,93000,616,2,1,5,hot air,gas,No,No,No
280000,79,85000,1488,4,1.5,5,hot air,gas,No,No,No
225000,84,87000,1320,3,1.5,6,hot air,oil,No,No,No
148000,18,45800,1250,2,1.5,5,hot air,gas,No,No,Yes
165000,32,54200,1286,3,1,6,hot air,gas,No,No,Yes
340455,0,84800,2886,4,2.5,10,hot air,gas,No,No,Yes
133000,36,60200,1279,3,1,4,hot air,gas,No,No,No
115540,104,56700,1074,3,1,7,hot air,gas,No,No,No
240000,52,78300,1304,3,1,4,hot water/steam,gas,No,No,No
600000,17,36000,3191,3,3.5,12,hot air,gas,No,No,Yes
71500,44,64700,1056,3,1,5,hot water/steam,gas,No,No,No
189900,18,19200,1468,3,2.5,4,hot air,gas,No,No,Yes
325000,115,81000,1598,3,1.5,6,hot water/steam,gas,No,No,No
280000,84,93000,1160,3,1.5,4,hot water/steam,gas,No,No,No
255000,104,89000,1028,2,1,5,hot air,gas,No,No,No
300000,104,105000,2014,6,1,11,hot water/steam,gas,No,No,No
106000,34,63800,1296,3,1,7,hot air,gas,No,No,No
139000,56,62500,932,2,1,3,hot air,gas,No,No,No
165000,15,45800,1290,3,1.5,5,hot air,gas,No,No,No
169000,19,37600,1448,2,1.5,5,hot air,gas,No,No,No
159400,29,49100,1368,3,1,5,hot air,gas,No,No,No
300000,25,90800,3046,4,1.5,11,hot water/steam,gas,No,No,No
161000,32,48200,1272,3,1.5,8,hot air,gas,No,No,No
230500,18,69500,1822,4,2.5,6,hot air,gas,No,No,Yes
220000,31,105700,1579,4,1.5,6,hot air,gas,No,No,Yes
177900,32,52400,1660,4,1.5,7,hot air,gas,No,No,No
350000,36,144900,2452,3,2.5,10,hot water/steam,oil,No,No,No
335000,94,50200,2004,3,2,9,hot air,gas,No,No,Yes
597185,0,193200,4210,4,3.5,12,hot air,gas,No,No,Yes
173000,32,54800,1640,4,1.5,9,hot air,gas,No,No,Yes
518000,144,99000,2847,3,1.5,7,hot water/steam,gas,No,No,No
212000,18,65000,1816,3,2,7,hot air,gas,No,No,Yes
149900,19,93300,2028,4,2,10,hot air,oil,No,No,No
140958,40,54500,775,2,1,7,hot water/steam,gas,No,No,No
95000,34,54800,1368,2,1,6,hot air,gas,No,No,No
161600,34,49100,936,3,1.5,8,hot air,gas,No,No,No
351400,1,114000,1680,2,2.5,4,hot air,gas,No,No,Yes
155000,33,53000,1368,3,1,6,hot air,gas,No,No,No
198500,34,53000,1326,3,1.5,7,hot air,gas,No,No,Yes
276000,62,107000,1579,3,2,4,hot air,oil,No,No,Yes
167000,32,50000,1286,3,1,8,hot air,gas,No,No,No
227000,25,207700,2132,3,2.5,7,hot air,gas,No,No,Yes
405100,3,85400,2000,3,2.5,6,hot air,gas,No,No,Yes
395000,3,112100,2222,3,2.5,6,hot air,gas,No,No,Yes
360000,99,139000,2641,4,2,9,hot water/steam,gas,No,No,No
775000,5,412600,2472,3,2.5,9,hot air,gas,Yes,No,Yes
285000,16,48200,1926,2,3,6,hot air,electric,No,No,Yes
300000,4,108300,1534,3,2.5,8,hot air,gas,No,No,Yes
214000,39,44000,1490,3,1.5,4,hot air,gas,No,No,No
229000,46,72000,1126,3,2,8,hot water/steam,gas,No,No,No
330000,33,61200,1435,3,1.5,8,hot air,gas,No,No,Yes
146000,44,60200,1136,3,1.5,8,hot air,gas,No,No,No
381500,2,114000,2162,3,2.5,9,hot air,gas,No,No,Yes
430000,5,82400,2328,3,2.5,7,hot air,gas,No,No,Yes
650000,2,87800,2754,3,2.5,10,hot air,gas,No,No,Yes
194500,40,37600,1504,4,1.5,6,hot air,gas,No,No,No
279000,14,58400,2473,4,3.5,7,hot air,gas,No,No,Yes
183000,35,47600,2072,4,2.5,8,hot air,gas,No,No,No
195000,18,19200,1480,3,2.5,7,hot air,gas,No,No,Yes
470000,135,99000,2096,3,2.5,8,hot air,gas,No,No,No
167000,80,50400,1050,2,1,6,hot water/steam,gas,No,No,No
309278,17,18000,1650,2,2.5,5,hot air,gas,No,No,Yes
217500,26,92300,1596,3,1.5,6,hot air,gas,No,No,Yes
200000,44,99000,979,3,2,8,hot water/steam,gas,No,No,No
199995,18,53800,1393,2,1.5,6,hot air,gas,No,No,Yes
179000,44,70200,864,2,1,7,hot air,gas,No,No,No
329000,1,106800,2744,4,2.5,10,hot air,gas,No,No,Yes
374900,15,46600,2300,3,3,10,hot air,gas,No,No,Yes
165000,34,52400,1612,3,1,5,hot air,gas,No,No,No
647000,14,193300,2640,4,2.5,12,hot air,gas,No,No,Yes
315000,19,65500,775,1,1,6,hot air,oil,No,No,No
208000,26,49400,2470,4,2.5,10,hot air,gas,No,No,Yes
405000,6,80000,3124,4,3,9,hot air,gas,No,No,No
535000,14,192500,3254,4,2.5,12,hot air,gas,No,No,Yes
184020,34,59000,1544,3,2.5,7,hot air,gas,No,No,No
95000,139,1900,1410,6,1.5,9,hot water/steam,gas,No,No,No
87550,44,2100,906,2,1,3,hot air,gas,No,No,No
131000,66,3600,1512,3,1,8,hot air,gas,No,No,No
127000,77,3400,1232,3,1,8,hot air,gas,No,No,No
104695,54,3500,921,2,1,7,hot air,gas,No,No,No
120000,70,3100,1287,3,1,4,hot air,gas,No,No,No
278500,17,5200,2600,4,3,12,electric,electric,No,No,No
75500,124,1500,1302,3,2,8,hot air,gas,No,No,No
121900,20,4700,1144,3,1,6,hot water/steam,gas,No,No,No
208000,39,5500,1703,3,2,6,hot water/steam,gas,No,No,No
151000,15,4500,1553,3,2,4,electric,electric,No,No,No
138000,15,1700,1040,2,1,3,electric,electric,No,No,No
229000,11,7500,2124,4,3,10,hot water/steam,gas,No,No,No
130000,13,4500,1344,3,2,5,hot air,gas,No,No,No
89900,66,3900,884,2,1,3,hot air,gas,No,No,No
145000,11,3800,1812,3,1.5,7,hot air,oil,No,No,No
86000,43,5500,880,3,1,4,hot air,gas,No,No,No
95000,134,2300,1256,3,2,5,hot air,gas,No,No,No
195000,15,5000,1826,3,2.5,6,hot air,gas,No,No,Yes
107325,126,1100,1134,3,1.5,7,hot air,gas,No,No,No
131000,41,5300,1916,4,2.5,8,hot air,gas,No,No,No
166900,3,1700,1272,3,1.5,7,hot air,gas,No,No,No
127000,39,4900,960,3,1,6,hot air,gas,No,No,Yes
119000,65,2500,1152,2,1.5,4,hot air,gas,No,No,No
92509,13,4500,840,2,1,4,hot air,gas,No,No,No
174000,34,5500,2106,5,2,11,hot air,gas,No,No,No
180000,10,2500,1632,3,2,8,hot air,gas,No,No,No
155000,9,300,1092,3,2,8,hot air,gas,No,No,No
146500,25,13200,1634,3,1.5,8,hot air,gas,No,No,Yes
162500,26,13800,1890,3,2.5,7,hot air,gas,No,No,Yes
210000,32,18400,2224,5,2.5,11,hot air,gas,No,No,No
165000,22,16500,1475,3,2,6,electric,electric,No,No,No
123000,16,2100,1480,3,1.5,5,hot air,gas,No,No,No
150000,36,13300,1368,3,1,4,hot air,gas,No,No,No
128900,7,7200,1200,3,1,8,hot air,gas,No,No,No
88100,0,7400,840,2,1,7,hot air,gas,No,No,Yes
175000,54,25900,1176,3,2,8,hot air,oil,No,No,No
120975,0,7400,1380,3,2,4,hot air,gas,No,Yes,No
147543,0,11300,1786,3,2.5,7,hot air,gas,No,Yes,No
118000,17,3400,1480,3,1.5,4,hot air,gas,No,No,No
199000,13,15300,1574,3,1.5,7,hot water/steam,gas,No,No,No
79900,154,7500,950,2,1.5,5,hot air,oil,No,No,No
279000,14,25300,3178,4,3.5,12,hot air,gas,No,No,Yes
90000,16,10600,1342,3,1.5,7,hot air,gas,No,No,No
91900,20,12000,1336,2,1.5,5,electric,electric,No,No,Yes
153000,10,8400,1542,3,2.5,6,hot air,gas,No,No,No
170000,11,21400,2272,4,3.5,8,hot water/steam,oil,No,No,No
145200,15,3400,1480,2,2.5,4,hot air,gas,No,No,No
296000,8,14000,2506,4,2.5,10,hot air,gas,No,No,No
150000,1,15800,1852,4,2,6,hot air,oil,No,No,No
86000,19,14000,1055,2,1,7,hot air,gas,No,No,No
118000,21,40000,1392,3,1.5,7,hot air,gas,No,No,No
155000,53,6500,1608,3,2,5,hot air,oil,No,No,No
222500,15,16900,1564,3,2,6,hot air,gas,No,No,No
250000,17,18400,2068,4,2.5,10,hot air,gas,No,No,Yes
365000,13,21900,2516,4,2.5,11,hot air,oil,No,No,Yes
120000,14,19300,1684,4,1.5,5,electric,electric,No,No,No
193000,18,14100,1481,3,1.5,5,hot water/steam,gas,No,No,No
85568,67,2600,999,3,1,6,hot water/steam,oil,No,No,No
82000,17,4420,896,2,1,3,hot water/steam,oil,No,No,No
225000,50,3000,792,2,1,7,hot water/steam,oil,No,No,No
240000,34,50400,2747,4,3.5,12,hot water/steam,oil,No,No,No
234900,1,43300,2277,4,2.5,8,hot air,gas,No,Yes,Yes
112000,19,14900,1281,2,2.5,6,hot air,gas,No,No,Yes
261000,14,43200,2462,4,2.5,10,hot air,gas,No,No,Yes
400000,9,57000,2897,4,2.5,12,hot air,gas,No,No,Yes
310000,4,37600,2672,4,3.5,8,hot air,electric,No,No,Yes
182000,21,26300,1932,3,1.5,8,hot air,gas,No,No,No
187500,11,25500,1320,3,2.5,7,hot air,gas,No,No,No
405000,6,23900,3296,4,2.5,12,hot air,gas,No,No,Yes
420000,6,82100,3279,4,3,11,hot air,gas,No,No,Yes
359000,4,37100,3204,4,2.5,9,hot air,gas,No,No,Yes
120000,16,9900,1217,2,2.5,6,electric,electric,No,No,Yes
171500,37,21500,1782,3,1.5,6,hot water/steam,gas,No,No,No
159900,16,28800,1180,2,1.5,6,hot air,gas,No,No,Yes
186500,16,28000,1452,3,2,8,hot air,electric,No,No,Yes
260000,13,36600,2140,4,2.5,8,hot air,gas,No,No,Yes
115000,16,9900,1219,2,1.5,6,electric,electric,No,No,Yes
191000,39,24100,1518,4,1.5,5,hot water/steam,gas,No,No,No
355465,0,233000,3328,4,2.5,12,hot air,gas,No,Yes,Yes
339900,10,54600,2344,3,2.5,10,hot air,gas,No,No,Yes
90000,74,10600,960,2,1,7,hot air,gas,No,No,No
245000,6,28800,1544,3,2.5,8,hot air,gas,No,No,No
320900,7,36400,2873,4,2.5,8,hot air,gas,No,No,Yes
159000,18,29600,1180,2,1.5,6,hot air,gas,No,No,Yes
174900,38,15100,1368,3,1.5,6,hot air,gas,No,No,No
293500,10,38400,1904,4,2.5,8,hot air,gas,No,No,Yes
210000,11,26900,1320,3,2,8,hot air,gas,No,No,No
182500,34,25200,1594,3,1.5,5,hot air,gas,No,No,No
219900,8,38100,1847,3,2.5,7,hot air,gas,No,No,Yes
370000,1,36600,3125,4,2.5,12,hot air,gas,No,Yes,Yes
286000,7,20000,2004,4,2.5,10,hot air,gas,No,No,No
169900,36,27800,1623,3,1.5,8,hot air,gas,No,No,Yes
161000,40,22000,1120,3,1,7,hot water/steam,oil,No,No,No
287000,2,53900,2363,5,2.5,11,hot air,gas,No,No,Yes
315000,9,48200,2572,4,2.5,11,hot air,gas,No,No,No
177000,25,9200,1548,3,1.5,5,electric,electric,No,No,No
332000,11,26700,2734,3,2.5,11,hot air,gas,No,No,Yes
249000,8,38800,1462,3,2,5,hot air,gas,No,No,Yes
179000,15,25500,1558,2,2.5,7,hot air,gas,No,No,No
150000,34,14000,1664,3,1.5,8,hot water/steam,oil,No,No,No
225000,16,24500,1877,4,3,10,hot air,gas,No,No,No
182000,37,21400,1838,3,1,7,hot air,gas,No,No,No
329900,9,37800,2368,4,2.5,11,hot air,gas,No,No,Yes
165000,32,22500,2104,5,1.5,11,hot water/steam,gas,No,No,No
180000,16,36800,1180,2,1.5,7,hot air,gas,No,No,No
321000,11,38800,2399,4,2.5,11,hot air,gas,No,No,Yes
180000,15,15400,1232,2,1.5,4,hot air,gas,No,No,No
178000,17,19600,1180,2,1.5,6,hot air,gas,No,No,Yes
279900,2,39500,2022,4,2.5,9,hot air,gas,No,No,No
179000,19,21000,1364,2,1.5,5,hot air,gas,No,No,Yes
183000,17,21000,1343,2,2.5,6,hot air,gas,No,No,Yes
500000,70,35900,1492,3,1,7,hot air,oil,No,No,No
170000,37,24500,999,3,1,6,hot water/steam,gas,No,No,No
179000,24,27000,2102,3,2.5,9,hot air,gas,No,No,No
184900,18,27000,1656,3,1.5,4,hot air,gas,No,No,No
177500,18,27000,1561,3,1.5,7,hot air,electric,No,No,No
112500,19,15700,988,2,2,7,electric,electric,No,No,No
180000,17,27000,1765,5,2,9,hot water/steam,gas,No,No,No
10300,20,15700,912,2,1.5,4,electric,electric,No,No,No
137900,17,15100,1592,3,1.5,7,electric,electric,No,No,No
144000,54,3600,1344,5,1,8,electric,electric,No,No,No
131600,17,15100,1385,2,1.5,7,electric,electric,No,No,No
123500,17,15100,1385,2,1.5,5,electric,electric,No,No,No
123000,17,15100,1679,2,1.5,7,electric,electric,No,No,No
109000,20,15700,908,2,1,7,electric,electric,No,No,No
173000,16,27000,1527,2,2,5,hot air,gas,No,No,Yes
105000,20,15700,912,2,1.5,3,electric,electric,No,No,No
122500,18,15100,1184,2,1.5,3,electric,electric,No,No,No
191000,26,24500,1719,3,1.5,7,electric,electric,No,No,No
149000,19,15100,1080,2,1,6,electric,electric,No,No,No
205000,16,27000,2118,4,2,9,electric,electric,No,No,No
225000,16,27000,2527,3,1.5,10,electric,electric,No,No,No
210000,15,25000,1592,3,1.5,8,hot air,gas,No,No,No
188900,18,27000,1294,3,1,4,electric,electric,No,No,No
192000,33,25200,1974,4,2.5,8,hot water/steam,gas,No,No,No
137500,17,15700,988,2,2,7,electric,electric,No,No,No
200000,20,27000,1508,3,2,8,hot air,gas,No,No,No
126000,17,15600,908,2,1,4,electric,electric,No,No,No
214500,20,27000,1910,4,2,7,electric,electric,No,No,No
152000,18,15700,912,2,1.5,5,electric,electric,No,No,No
115000,20,15700,912,2,1.5,5,electric,electric,No,No,No
88000,19,15700,988,2,2,4,electric,electric,No,No,No
170000,20,27000,1748,2,2,4,electric,electric,No,No,No
137000,18,15700,912,2,1.5,3,electric,electric,No,No,No
145000,17,15100,1385,3,1.5,8,electric,electric,No,No,No
202000,15,25000,1300,3,1.5,7,hot air,gas,No,No,No
130000,17,15600,908,2,1,7,electric,electric,No,No,No
265000,25,21700,1900,3,2,7,electric,electric,No,No,No
185000,16,27000,2191,3,2.5,7,electric,electric,No,No,No
130000,25,15100,1080,2,1,4,hot air,gas,No,No,Yes
190000,15,25000,1300,3,1.5,5,hot air,gas,No,No,Yes
204000,1,15000,2458,4,2.5,10,hot air,gas,No,No,No
125000,22,10500,1040,3,1,4,electric,electric,No,No,No
349900,0,13000,2886,4,3,12,hot air,gas,No,Yes,No
142000,8,3700,1840,3,1,6,hot air,gas,No,No,No
132500,19,13000,1988,2,1,4,electric,electric,No,No,No
220000,43,22900,672,2,1,3,hot air,oil,No,No,No
160000,13,18400,1512,2,2,4,hot air,oil,No,No,No
10300,20,15700,912,2,1.5,6,electric,electric,No,No,No
95000,19,15700,912,2,1.5,6,electric,electric,No,No,No
122055,17,15000,1385,2,1.5,5,electric,electric,No,No,No
149000,18,27000,1508,3,1.5,8,hot air,gas,No,No,No
115000,17,15100,1385,2,1.5,5,electric,electric,No,No,No
140000,19,15100,1628,3,2.5,6,electric,electric,No,No,No
137900,17,15100,1592,3,1.5,5,electric,electric,No,No,No
144000,54,3600,1344,5,1,7,electric,electric,No,No,No
131600,17,15100,1385,2,1.5,7,electric,electric,No,No,No
123500,17,15100,1385,2,1.5,4,electric,electric,No,No,No
123000,17,15100,1679,2,1.5,4,electric,electric,No,No,No
109000,20,15700,908,2,1,3,electric,electric,No,No,No
173000,16,27000,1527,2,2,7,hot air,gas,No,No,Yes
105000,20,15700,912,2,1.5,3,electric,electric,No,No,No
122500,18,15100,1184,2,1.5,3,electric,electric,No,No,No
191000,26,24500,1719,3,1.5,5,electric,electric,No,No,No
149000,19,15100,1080,2,1,5,electric,electric,No,No,No
205000,16,27000,2118,4,2,10,electric,electric,No,No,No
225000,16,27000,2527,3,1.5,8,electric,electric,No,No,No
210000,15,25000,1592,3,1.5,7,hot air,gas,No,No,No
188900,18,27000,1294,3,1,4,electric,electric,No,No,No
192000,33,25200,1974,4,2.5,9,hot water/steam,gas,No,No,No
137500,17,15700,988,2,2,3,electric,electric,No,No,No
200000,20,27000,1508,3,2,7,hot air,gas,No,No,No
126000,17,15600,908,2,1,4,electric,electric,No,No,No
214500,20,27000,1910,4,2,10,electric,electric,No,No,No
152000,18,15700,912,2,1.5,7,electric,electric,No,No,No
115000,20,15700,912,2,1.5,7,electric,electric,No,No,No
88000,19,15700,988,2,2,5,electric,electric,No,No,No
170000,20,27000,1748,2,2,6,electric,electric,No,No,No
137000,18,15700,912,2,1.5,6,electric,electric,No,No,No
145000,17,15100,1385,3,1.5,7,electric,electric,No,No,No
202000,15,25000,1300,3,1.5,4,hot air,gas,No,No,No
130000,17,15600,908,2,1,5,electric,electric,No,No,No
265000,25,21700,1900,3,2,8,electric,electric,No,No,No
185000,16,27000,2191,3,2.5,8,electric,electric,No,No,No
130000,25,15100,1080,2,1,5,hot air,gas,No,No,Yes
190000,15,25000,1300,3,1.5,5,hot air,gas,No,No,Yes
204000,1,15000,2458,4,2.5,11,hot air,gas,No,No,No
125000,22,10500,1040,3,1,8,electric,electric,No,No,No
349900,0,13000,2886,4,3,11,hot air,gas,No,Yes,No
142000,8,3700,1840,3,1,7,hot air,gas,No,No,No
132500,19,13000,1988,2,1,5,electric,electric,No,No,No
220000,43,22900,672,2,1,5,hot air,oil,No,No,No
160000,13,18400,1512,2,2,6,hot air,oil,No,No,No
156900,52,23200,1635,4,1.5,5,hot air,oil,No,No,No
138000,39,25100,1672,4,1.5,5,hot air,gas,No,No,No
166000,26,29000,1892,3,2,6,hot air,gas,No,No,Yes
195000,18,30800,1652,3,2,6,hot water/steam,gas,No,No,No
295600,21,91600,2513,4,2.5,8,hot air,gas,No,No,Yes
460000,1,14100,3336,4,3.5,12,hot air,gas,No,No,Yes
126000,17,16000,1302,2,1.5,4,hot air,gas,No,No,Yes
220300,16,38200,2006,3,2,5,hot air,gas,No,No,Yes
175000,27,22700,1836,4,1.5,8,hot air,gas,No,No,Yes
255000,49,69600,1994,3,2,9,hot air,oil,No,No,No
185000,19,29000,1652,3,2,6,hot water/steam,gas,No,No,No
234000,8,31100,1888,3,2.5,7,hot air,gas,No,No,No
133500,19,17200,1480,3,1.5,5,hot air,gas,No,No,Yes
151000,19,19000,1234,2,2,7,electric,electric,No,No,No
157500,31,24500,1778,3,1.5,7,hot air,gas,No,No,No
285000,23,72000,2514,5,2.5,10,hot air,gas,No,No,Yes
217500,35,30800,2700,4,2.5,10,hot water/steam,gas,No,No,No
300000,21,39200,2330,4,3.5,8,hot air,gas,No,No,Yes
161225,33,32000,2676,4,2.5,11,hot water/steam,gas,No,No,No
217000,25,54700,2180,4,2,8,electric,electric,No,No,Yes
250000,21,48300,2284,4,2.5,9,hot air,gas,No,No,Yes
124000,19,16400,1314,2,1.5,6,electric,electric,No,No,No
248000,35,44300,2396,4,2.5,11,hot air,gas,No,No,No
187000,45,33200,2088,4,2,8,hot water/steam,gas,No,No,No
195000,39,28200,2310,5,2.5,11,hot water/steam,gas,No,No,No
239900,19,65800,2040,4,2.5,10,hot air,gas,No,No,Yes
475000,19,111300,2599,3,2.5,11,hot air,electric,No,No,Yes
246000,16,29100,1702,3,1.5,6,hot water/steam,gas,No,No,No
219900,18,28600,2125,4,2.5,8,hot water/steam,gas,No,No,No
193500,38,32000,2310,4,2.5,10,hot water/steam,gas,No,No,No
122000,31,18200,1431,3,1.5,8,hot air,gas,No,No,Yes
118000,20,18500,924,2,1,7,hot water/steam,gas,No,No,No
125000,126,36300,1799,3,1,6,hot air,gas,No,No,No
101000,23,18200,976,3,2,5,electric,electric,No,No,No
249000,19,53000,2217,4,2.5,8,hot air,gas,No,No,Yes
180000,102,25800,1969,4,1,6,hot water/steam,oil,No,No,No
292500,19,75200,2376,3,2.5,8,hot air,gas,No,No,Yes
199500,18,36700,1585,3,1.5,5,hot water/steam,gas,No,No,No
205100,32,32700,1453,4,2,7,hot air,gas,No,No,No
330000,12,67300,2973,4,3,11,hot air,oil,No,No,Yes
179000,37,31400,1612,3,1.5,7,hot air,gas,No,No,No
342000,4,17400,2734,3,2.5,9,hot air,gas,No,No,Yes
145000,22,18500,1479,3,1.5,5,electric,electric,No,No,Yes
66000,19,18400,945,2,1,3,electric,electric,No,No,Yes
269900,25,25000,1938,4,2.5,8,hot water/steam,gas,No,No,No
154000,174,32800,1364,5,1,9,hot air,oil,No,No,No
454900,2,15000,3242,4,2.5,11,hot air,gas,No,No,Yes
249900,23,57500,1571,3,2,7,hot air,gas,No,No,Yes
165000,21,17600,1314,2,1.5,6,electric,electric,No,No,Yes
329000,3,16100,2413,4,1.5,11,hot air,gas,No,No,Yes
49387,56,31800,900,2,1,5,hot air,oil,No,No,No
445000,0,17400,3157,4,3.5,10,hot air,gas,No,No,Yes
73000,102,22400,908,2,1,7,hot water/steam,oil,No,No,No
125000,20,18300,924,2,1,6,electric,electric,No,No,No
146500,18,18200,1138,2,1,6,electric,electric,No,No,Yes
209000,38,27000,2310,5,2.5,12,hot water/steam,gas,No,No,No
196500,30,30400,1874,4,2,9,hot air,gas,No,No,No
157000,20,20300,1228,4,1.5,6,electric,electric,No,No,No
125500,19,16400,1479,3,1.5,5,hot air,gas,No,No,Yes
190000,38,31800,1612,3,1.5,6,hot air,gas,No,No,No
250000,22,48800,2088,4,2.5,6,electric,electric,No,No,Yes
255000,4,30000,2131,4,2.5,10,hot air,gas,No,No,No
129700,20,18500,924,2,1,5,hot air,gas,No,No,No
65000,74,24800,1692,4,1.5,8,electric,electric,No,No,No
107000,82,12600,1568,3,1,7,hot air,gas,No,No,No
255000,35,33200,2262,4,2.5,9,hot air,gas,No,No,Yes
398000,8,71200,2960,4,2.5,10,hot air,gas,No,No,Yes
176000,31,27000,1683,4,2.5,8,hot water/steam,gas,No,No,No
249900,36,35800,2680,5,3.5,12,hot water/steam,gas,No,No,Yes
244900,26,40100,2742,3,3,8,hot air,oil,No,No,No
220000,30,29000,2012,4,2.5,10,hot water/steam,gas,No,No,No
241000,31,27800,2702,5,1.5,9,hot air,gas,No,No,No
159900,21,18300,1314,2,1.5,6,hot air,gas,No,No,Yes
177555,38,34800,1672,3,1.5,8,hot air,gas,No,No,No
95000,55,7700,1200,2,1,4,hot air,oil,No,No,No
5000,4,35800,1700,3,2.5,6,hot air,gas,No,No,Yes
264900,40,29000,2652,5,3.5,12,hot water/steam,gas,No,No,No
315000,16,74400,3062,4,2.5,9,hot water/steam,gas,No,No,Yes
155000,25,17600,1290,2,1.5,5,hot air,gas,No,No,Yes
130000,23,15400,1012,3,2,5,electric,electric,No,No,No
238000,35,35100,2310,4,2.5,7,hot water/steam,gas,No,No,No
224000,31,26500,2026,3,2.5,7,hot air,gas,No,No,No
211000,18,31800,1404,3,1,6,hot air,gas,No,No,Yes
279000,13,34100,1782,3,1,8,hot air,gas,No,No,Yes
242000,15,42000,2002,3,2.5,8,hot air,gas,No,No,Yes
199875,36,35100,1782,4,1.5,7,hot air,gas,No,No,Yes
259900,11,27400,2212,4,2.5,10,hot air,oil,No,No,Yes
200000,84,34600,1872,4,1,7,electric,oil,No,No,Yes
212000,36,35100,1804,4,2.5,7,hot water/steam,gas,No,No,No
230000,41,27800,1910,3,2.5,5,hot water/steam,gas,No,No,No
189000,28,30900,1632,3,1.5,7,hot air,gas,No,No,Yes
313635,16,131500,3824,3,4,12,hot air,gas,No,No,Yes
185000,32,33600,1196,3,1.5,5,hot air,gas,No,No,No
239900,30,23200,2259,4,2.5,11,hot water/steam,gas,No,No,Yes
202000,39,25400,1690,3,2,6,hot water/steam,gas,No,No,Yes
155000,19,18200,1227,2,2,6,hot water/steam,gas,No,No,Yes
120000,57,36000,1278,3,1,7,hot air,gas,No,No,No
78000,77,33500,668,1,1,2,hot air,oil,No,No,No
311000,17,60500,2762,4,2.5,8,hot water/steam,gas,No,No,Yes
198000,38,42500,1558,3,1,4,hot air,gas,No,No,No
158500,11,36100,1352,3,2,5,electric,electric,No,No,No
227000,37,27400,1920,5,2.5,9,hot water/steam,gas,No,No,No
265900,6,36000,1940,3,2.5,7,hot air,gas,No,No,No
163000,30,19300,1249,3,1.5,8,hot air,gas,No,No,No
165000,27,19600,1576,3,2.5,4,hot water/steam,gas,No,No,No
151000,30,16800,1419,3,1.5,4,hot air,gas,No,No,Yes
200000,4,35800,1700,3,2.5,7,hot air,gas,No,No,Yes
299900,15,38700,2748,4,3.5,8,hot air,gas,No,No,Yes
210000,18,35500,1792,3,2.5,7,hot air,gas,No,No,Yes
220000,36,35300,1724,3,1.5,8,electric,electric,No,No,No
326900,15,83600,2692,3,3.5,8,hot air,gas,No,No,Yes
204900,29,24600,1734,4,2.5,7,hot water/steam,oil,No,No,No
234000,32,25100,2014,3,1.5,7,hot air,gas,No,No,No
236000,36,30900,2056,4,1.5,9,hot air,gas,No,No,No
124000,36,32700,1745,4,1.5,6,hot air,gas,No,No,No
199100,13,18400,1352,2,1.5,5,hot air,gas,No,No,Yes
245000,30,29000,2259,4,2.5,9,hot water/steam,gas,No,No,No
264000,33,35300,2572,3,2.5,11,hot air,gas,No,No,No
105000,18,18500,924,2,1,7,electric,electric,No,No,No
187000,21,35000,2000,3,1.5,7,hot air,gas,No,No,Yes
127000,21,11900,929,2,1.5,6,hot air,gas,No,No,Yes
100000,42,15800,1540,4,1,7,hot air,oil,No,No,No
251000,44,47000,1730,3,2,9,hot air,oil,No,No,Yes
105000,50,36800,1500,3,1,5,hot water/steam,oil,No,No,No
431250,10,65800,2522,4,2.5,12,hot air,gas,No,No,Yes
149900,19,16400,1479,3,1.5,4,electric,electric,No,No,Yes
180000,36,32700,1922,4,1.5,9,hot air,gas,No,No,Yes
123500,20,12600,1215,2,1.5,5,hot air,gas,No,No,No
253000,33,33200,2772,5,3,12,hot air,gas,No,No,Yes
330000,6,16500,2574,4,2.5,12,hot air,gas,No,No,No
124500,21,18900,945,2,1,3,electric,electric,No,No,No
424200,19,130700,2914,4,3.5,10,hot air,gas,No,No,Yes
120000,19,14700,1480,3,1.5,7,electric,electric,No,No,Yes
205000,32,29400,1914,3,1.5,5,hot air,gas,No,No,No
175000,27,37000,1354,3,2,5,hot air,gas,No,No,Yes
295000,4,36900,2302,4,2.5,7,hot air,gas,No,No,Yes
156500,19,19100,1234,2,2,6,electric,electric,No,No,Yes
143000,18,17600,1480,3,1.5,6,electric,electric,No,No,Yes
215000,27,33000,1665,4,2,5,hot air,gas,No,No,Yes
287000,6,12000,2182,3,2.5,10,hot air,gas,No,No,No
122500,18,19300,924,2,1,7,electric,electric,No,No,No
180000,19,49300,1220,3,2,5,electric,electric,No,No,No
143000,18,17600,1480,3,1.5,8,electric,electric,No,No,Yes
137000,21,17200,1375,2,1.5,3,electric,electric,No,No,No
271000,22,61300,2003,3,2.5,7,hot air,gas,No,No,Yes
129900,15,1800,1480,2,2.5,5,hot air,gas,No,No,Yes
133000,15,1600,1480,3,1.5,6,hot air,gas,No,No,Yes
179000,11,8300,1456,3,1,8,hot air,gas,No,No,Yes
302000,5,27200,1888,3,2.5,9,hot air,gas,No,No,No
168000,28,8700,1112,3,1,8,hot air,oil,No,No,No
120000,16,3400,1480,2,1.5,6,hot air,gas,No,No,No
119000,15,1800,1480,2,2.5,3,hot air,electric,No,No,Yes
168000,27,7900,1836,3,2,5,hot water/steam,gas,No,No,Yes
124900,96,16100,1522,4,2,7,hot water/steam,oil,No,No,No
415000,1,20000,2709,3,2.5,10,hot air,gas,No,No,Yes
150000,10,9900,1020,3,2,5,hot air,oil,No,No,Yes
310000,20,14000,2208,4,2,10,hot water/steam,gas,No,No,No
157000,18,7800,1368,3,1,7,electric,electric,No,No,No
205000,28,18000,2488,4,2.5,7,hot air,gas,No,No,No
275000,7,18400,1865,3,2.5,8,hot air,gas,No,No,No
320000,10,18400,3174,4,4,12,hot air,gas,No,No,Yes
380000,17,23000,2944,5,2.5,12,hot air,gas,No,No,Yes
119900,23,7800,960,3,1,4,hot air,gas,No,No,No
345000,15,15000,3142,4,2.5,11,hot air,gas,No,No,No
145000,32,11500,1666,4,2,9,hot air,oil,No,No,No
123000,77,14100,708,2,1,7,hot air,oil,No,No,No
202500,17,17900,1598,3,2,8,hot air,oil,No,No,Yes
182000,13,4000,1564,3,2,4,hot air,gas,No,No,Yes
175000,14,5500,1224,3,1.5,7,hot air,gas,No,No,No
132500,77,3500,1379,3,1,7,hot air,gas,No,No,No
239000,41,25400,2310,4,2.5,7,hot water/steam,gas,No,No,No
86125,14,1200,960,2,1.5,6,hot water/steam,gas,No,No,No
245000,16,50000,960,3,1,8,electric,electric,No,No,No
229900,52,25700,1820,4,2.5,7,hot water/steam,gas,No,No,No
129000,95,2500,1632,3,2,4,hot water/steam,oil,No,No,No
200000,90,5900,1594,2,2,3,hot air,gas,No,No,No
144200,16,17900,1290,3,2,5,hot water/steam,oil,No,No,No
166000,11,300,1560,3,1.5,7,hot air,gas,No,No,No
178000,46,7400,1453,4,1.5,7,hot air,oil,No,No,No
165000,40,17000,1664,3,2,8,hot water/steam,oil,No,No,No
218000,18,16200,2169,3,2.5,10,electric,electric,No,No,Yes
175000,9,20000,1420,3,1,8,hot air,gas,No,No,No
145000,71,3100,1441,3,1.5,8,hot air,gas,No,No,No
195000,4,18100,1016,3,1.5,5,hot air,gas,No,No,No
288139,0,15200,2947,4,2.5,10,hot air,gas,No,Yes,No
187500,11,16700,1652,3,1.5,5,hot air,oil,No,No,No
255000,105,13200,1927,3,1.5,7,hot air,oil,No,No,No
145000,11,16000,960,3,1,5,hot air,gas,No,No,No
183000,28,15700,1804,3,1.5,7,electric,electric,No,No,No
318310,1,72300,2616,4,2.5,8,hot air,gas,No,No,No
192500,42,17900,1116,2,1.5,6,hot air,oil,No,No,No
195000,52,19200,2147,2,1.5,7,hot water/steam,oil,No,No,No
138000,36,17400,876,2,1.5,3,hot air,oil,No,No,No
230000,26,16100,2102,4,2.5,10,electric,electric,No,No,No
237500,15,12100,1776,3,1.5,5,hot air,oil,No,No,No
375000,3,21500,1996,3,3,8,hot water/steam,gas,No,No,Yes
105000,165,7200,1759,3,1,5,hot air,gas,No,No,No
168000,10,16200,1014,3,1,7,hot air,gas,No,No,No
221000,5,7400,2270,4,2.5,10,hot water/steam,gas,No,No,No
135000,85,3400,1548,3,1.5,8,hot air,oil,No,No,No
129900,3,15000,1620,3,2,4,hot air,gas,No,No,No
344100,40,49800,2608,4,2.5,8,hot air,gas,No,No,Yes
112000,15,24500,1080,3,2,4,electric,electric,No,No,No
380000,76,38300,1140,3,2,5,hot air,gas,Yes,No,Yes
125000,34,2700,1152,3,1,5,hot air,gas,No,No,No
145000,20,5900,1056,2,1,7,electric,electric,No,No,No
190000,2,13400,1257,3,2,8,electric,gas,No,No,No
135000,25,7200,936,2,1.5,3,hot water/steam,gas,No,No,No
58500,30,1400,1140,3,1.5,5,electric,electric,No,No,No
80500,14,1200,960,2,1.5,3,hot water/steam,gas,No,No,No
150410,6,15000,1058,2,1.5,4,hot air,gas,No,No,No
170000,29,23000,768,2,1,6,electric,electric,No,No,No
242551,14,38900,2048,4,2.5,10,hot air,oil,No,No,No
176500,7,1100,1198,2,2,3,hot air,gas,No,No,No
212000,27,5000,2430,4,1,9,electric,electric,No,No,Yes
135000,35,1300,918,3,1,7,hot water/steam,oil,No,No,No
215000,46,4500,2722,4,1.5,11,hot air,oil,No,No,Yes
262000,0,11100,2364,4,2.5,8,hot air,gas,No,No,No
155000,15,5000,1440,3,1,4,hot water/steam,oil,No,No,No
207000,27,4600,1744,3,1,7,hot air,oil,No,No,No
185000,105,600,2280,4,1.5,10,hot water/steam,oil,No,No,No
92200,130,1700,1736,3,2,5,hot water/steam,oil,No,No,No
111000,95,2700,883,1,1,2,hot air,oil,No,No,No
97000,145,600,1001,2,1,5,hot water/steam,gas,No,No,No
200000,34,11500,1296,3,1,5,hot water/steam,oil,No,No,No
230000,14,16400,2304,3,2.5,9,electric,electric,No,No,No
299900,13,28500,2076,3,2.5,9,hot air,gas,No,No,No
183855,51,19000,1468,4,1,5,hot air,oil,No,No,No
174900,50,19000,1272,3,1.5,5,hot water/steam,gas,No,No,No
335000,11,39900,1900,3,2.5,9,hot air,oil,No,No,Yes
208000,53,23700,1548,3,1.5,8,hot water/steam,oil,No,No,No
380000,35,36600,2212,4,1.5,8,electric,electric,No,No,No
289900,0,35800,2376,4,2.5,10,hot air,gas,No,No,No
188000,33,13500,1712,3,1.5,7,hot air,oil,No,No,Yes
600000,1,5000,2660,4,3.5,8,hot air,gas,No,No,Yes
262000,5,25000,1487,3,3,5,hot water/steam,oil,No,No,Yes
220000,30,10200,1532,3,1.5,8,electric,electric,No,No,No
275000,21,16100,2486,4,2.5,11,hot air,gas,No,No,Yes
215000,25,13800,1918,3,2,8,hot air,gas,No,No,No
100000,47,14600,1270,3,1,7,hot water/steam,oil,No,No,No
158500,19,15200,1406,2,1.5,7,electric,electric,No,No,No
148900,18,15100,1385,2,1.5,6,electric,electric,No,No,No
218000,16,25000,1300,3,1.5,4,hot air,gas,No,No,No
355840,0,108900,3259,4,2.5,10,hot air,gas,No,Yes,No
168000,9,1000,1536,3,1.5,7,hot air,gas,No,No,Yes
171000,14,19000,1636,4,1.5,9,hot air,oil,No,No,No
195000,15,18700,1944,3,1.5,7,hot air,gas,No,No,No
201880,19,18800,1676,3,2,7,hot air,gas,No,No,No
145000,12,10700,1040,3,1,5,hot air,gas,No,No,Yes
206000,13,1000,1800,3,2.5,7,hot air,gas,No,No,Yes
78000,85,7800,1394,3,1.5,6,hot air,oil,No,No,No
320900,5,20400,1885,2,2,7,hot water/steam,oil,Yes,No,No
159000,1,19500,1056,3,2,4,hot water/steam,oil,No,No,No
180000,38,54900,1593,3,1.5,4,hot air,gas,No,No,No
129900,125,45000,1436,4,1,5,hot water/steam,oil,No,No,No
150000,34,57800,1668,4,1.5,5,hot air,gas,No,No,No
171134,35,50000,1302,3,2,4,hot air,gas,No,No,No
151000,33,57200,1239,3,1,7,hot air,gas,No,No,Yes
100000,85,64400,840,2,1,3,hot water/steam,oil,No,No,No
655000,55,103000,780,2,1.5,6,hot air,gas,No,No,No
243500,3,64400,1728,3,2.5,7,hot air,gas,No,No,Yes
265000,140,56700,1666,3,1,8,hot air,gas,No,No,No
400000,4,75400,2022,3,2.5,7,hot air,gas,No,No,Yes
272800,46,183300,2225,4,2,9,hot air,gas,No,No,No
255000,115,53700,1023,2,1,6,hot air,gas,No,No,No
220000,17,51400,1290,2,1.5,4,electric,electric,No,No,Yes
775000,31,72600,3968,5,3.5,12,hot air,gas,No,No,Yes
233000,129,93000,1699,4,1,9,hot water/steam,gas,No,No,No
216977,27,57800,2137,4,1,9,hot water/steam,gas,No,No,No
245000,5,27000,1428,2,2.5,4,hot air,gas,No,No,Yes
159000,35,49100,936,3,1,8,hot air,gas,No,No,Yes
725000,3,70600,2586,4,3,10,hot air,gas,No,No,Yes
268300,6,36800,1373,3,2,5,hot air,gas,No,No,No
159000,33,51800,1272,3,1,6,hot air,gas,No,No,No
155000,33,53000,1368,3,2,8,hot air,gas,No,No,Yes
345000,18,46400,2120,4,2.5,11,hot air,gas,No,No,Yes
165200,34,53000,1279,2,1,5,hot air,gas,No,No,No
185000,35,66500,1104,2,1,3,hot air,gas,No,No,Yes
225500,41,64000,1092,3,1,4,hot water/steam,gas,No,No,No
420000,121,87000,2247,4,2,10,hot water/steam,gas,No,No,No
220000,53,101000,1146,4,1.5,7,hot water/steam,gas,No,No,No
620000,23,225800,3250,3,2.5,10,hot air,gas,No,No,No
260000,18,50000,1920,4,2.5,10,hot air,gas,No,No,Yes
359900,0,65000,1932,3,2,7,hot air,gas,No,No,No
375000,4,112100,1620,3,2.5,7,hot air,gas,No,No,Yes
302900,50,72000,1640,3,1,4,hot water/steam,gas,No,No,No
175000,39,55800,1040,5,1.5,6,hot air,gas,No,No,No
260000,37,137800,1676,4,2,8,hot air,oil,No,No,Yes
270000,16,48800,1991,3,2.5,6,hot air,gas,No,No,Yes
485000,17,60200,1908,4,3.5,9,hot air,gas,No,No,Yes
200000,85,62500,966,3,1,4,hot air,oil,No,No,No
367000,19,27000,1815,2,2.5,5,hot air,gas,No,No,Yes
175000,32,53000,1664,3,1,7,hot air,gas,No,No,No
203000,19,25600,1216,2,2,4,hot air,gas,No,No,Yes
170000,33,54900,1564,3,2,7,hot air,gas,No,No,Yes
375000,32,143200,2752,4,2.5,10,hot air,gas,No,No,Yes
159900,35,50000,936,3,1,4,hot air,gas,No,No,No
230000,95,50800,1617,4,1.5,9,hot air,gas,No,No,No
375000,69,195000,1452,3,2,5,hot water/steam,gas,No,No,No
421000,5,80600,1911,3,2.5,6,hot air,gas,No,No,Yes
218000,31,80800,1580,3,1.5,4,hot air,gas,No,No,Yes
167850,34,51200,1920,3,1,5,hot air,gas,No,No,Yes
252500,80,115000,1155,4,1.5,7,hot water/steam,gas,No,No,No
650000,3,82400,3770,4,2.5,12,hot air,gas,No,No,Yes
380000,18,36000,1675,2,2.5,6,hot air,gas,No,No,Yes
214500,33,107000,912,3,1,4,hot air,gas,No,No,No
218500,115,55800,1510,3,1,8,hot water/steam,gas,No,No,No
174000,35,54900,864,2,1,6,hot air,gas,No,No,Yes
225000,35,62600,1600,4,2,6,hot air,gas,No,No,Yes
309750,15,48200,1744,3,2.5,5,hot air,gas,No,No,Yes
658300,3,101500,3208,4,2.5,11,hot air,gas,No,No,Yes
203000,16,45800,1290,2,1.5,7,hot air,gas,No,No,Yes
375000,19,27000,1900,2,2.5,7,hot air,gas,No,No,Yes
62500,25,24700,2808,3,1,11,hot air,oil,No,No,No
205000,18,7300,1576,3,1.5,4,hot air,gas,No,No,No
84500,135,7300,1118,3,1,5,hot water/steam,gas,No,No,No
280500,8,23000,1752,3,2,6,hot air,gas,No,No,Yes
182000,32,22500,1753,3,1.5,5,electric,electric,No,No,No
571000,14,128500,2186,3,2.5,10,hot air,gas,No,No,Yes
168000,35,50000,1800,2,1,5,hot air,gas,No,No,No
354000,30,56600,2462,5,2.5,10,hot air,gas,No,No,Yes
238000,50,70000,1286,5,2,10,hot water/steam,gas,No,No,No
182000,35,97000,1337,3,1,8,hot air,gas,No,No,Yes
218500,5,37600,1170,2,2.5,4,hot air,gas,No,No,No
227500,53,73400,1185,3,1,4,hot air,gas,No,No,No
375000,19,59000,2424,4,2.5,8,hot air,gas,No,No,Yes
399900,125,83000,1828,3,1.5,7,hot water/steam,gas,No,No,No
360000,41,80000,2176,4,2.5,8,electric,electric,No,No,Yes
412500,4,85400,2000,3,2.5,6,hot air,gas,No,No,Yes
268500,10,38400,1340,3,2.5,8,hot air,gas,No,No,Yes
300300,52,63000,1208,3,1,6,hot air,gas,No,No,No
382500,2,57600,2244,4,2.5,10,hot air,gas,No,No,Yes
189000,31,53000,1592,3,1.5,7,hot air,gas,No,No,No
295000,17,52400,1831,3,2.5,7,hot air,gas,No,No,Yes
220000,37,182600,1093,2,1.5,5,hot water/steam,gas,No,No,No
223000,110,89000,1460,2,1,5,hot water/steam,gas,No,No,No
399000,152,115000,2128,3,1.5,10,hot water/steam,gas,No,No,No
169480,30,49100,1368,3,1,5,hot air,gas,No,No,No
347750,1,36000,2200,3,2.5,8,hot air,gas,No,No,Yes
455000,23,61000,2310,2,3,8,hot air,gas,No,No,Yes
249900,12,25600,1776,3,2.5,7,hot air,gas,No,No,Yes
250000,8,32000,1852,3,2.5,9,electric,electric,No,No,Yes
265000,42,144900,1092,2,2,4,hot air,gas,No,No,Yes
670000,121,87000,2247,4,2,8,hot water/steam,gas,No,No,No
195000,19,49800,1311,3,1.5,8,hot air,gas,No,No,Yes
360000,4,110200,1392,3,2.5,4,hot air,gas,No,No,Yes
175000,33,59000,1116,4,1.5,8,hot air,gas,No,No,Yes
166500,115,49500,812,2,1,4,hot air,gas,No,No,No
190100,27,31700,1872,4,2.5,8,hot air,gas,No,No,No
180500,8,20500,1248,3,2,5,hot air,electric,No,No,Yes
440000,3,97300,1702,2,2,4,hot water/steam,gas,Yes,No,No
170000,57,13300,1346,2,1,4,hot water/steam,oil,No,No,No
220000,20,17700,1596,3,2,6,hot water/steam,gas,No,No,No
70500,57,1000,884,3,1,7,hot air,gas,No,No,No
65000,137,700,814,2,1,3,hot air,gas,No,No,No
127500,71,3200,720,2,1,5,hot air,gas,No,No,No
155000,28,2600,2051,3,1,5,electric,electric,No,No,No
255500,11,2600,1590,2,2,6,hot air,oil,No,No,Yes
136000,39,1600,1202,3,1,6,electric,electric,No,No,No
204000,16,4300,2016,3,1.5,5,hot water/steam,oil,No,No,No
200000,6,2000,1274,3,2,6,hot air,gas,No,No,No
163000,40,3600,960,3,1,5,hot air,oil,No,No,No
149350,47,4000,1056,3,1,6,hot air,gas,No,No,Yes
235000,12,5200,1820,3,3.5,8,hot air,oil,No,No,Yes
260000,27,16500,2486,4,2.5,7,hot air,gas,No,No,No
210000,27,13800,1890,3,2.5,9,hot air,gas,No,No,Yes
159900,84,4600,1274,4,1,6,hot water/steam,oil,No,No,No
209000,14,3000,1716,4,2,6,hot air,oil,No,No,Yes
135000,22,12000,1336,2,1.5,4,electric,electric,No,No,Yes
200000,45,8700,1392,3,1,5,hot air,gas,No,No,No
432600,1,20400,2346,4,2.5,10,hot air,gas,No,No,Yes
195000,19,14100,1475,3,1.5,7,hot air,gas,No,No,No
165000,16,5500,1248,3,2,6,electric,electric,No,No,No
198000,16,10000,1920,4,2.5,10,electric,electric,No,Yes,Yes
219000,2,4000,2040,4,2.5,8,hot air,oil,No,No,No
430000,15,75700,2649,3,3,7,electric,electric,Yes,No,No
120000,105,4100,1500,3,1,6,hot air,oil,No,No,No
373735,1,233000,3163,4,2.5,10,hot air,gas,No,Yes,Yes
183853,18,19600,1343,2,1.5,4,hot air,gas,No,No,Yes
213500,17,36600,1573,3,2,5,hot air,gas,No,No,Yes
155000,18,20500,1270,3,1.5,4,electric,electric,No,No,Yes
197000,14,26700,1316,3,1.5,8,hot air,gas,No,No,No
392499,11,47400,3092,4,2.5,11,hot air,gas,No,No,Yes
229900,7,24200,1328,3,2.5,8,hot air,gas,No,No,No
289250,14,28500,2560,4,2.5,12,hot water/steam,oil,No,No,No
189900,17,16800,1343,2,2.5,6,hot air,gas,No,No,Yes
397200,1,3200,3250,4,3,12,hot air,gas,No,Yes,Yes
389405,1,233000,3086,3,2.5,8,hot air,gas,No,Yes,Yes
135000,155,25200,1080,2,1,3,hot water/steam,oil,No,No,No
174000,16,18200,1120,2,1.5,6,hot air,gas,No,No,Yes
525000,1,70100,2876,5,3.5,12,hot air,gas,No,No,Yes
135000,19,9900,1281,2,2.5,3,electric,electric,No,No,Yes
412000,9,57800,2900,4,2.5,10,hot air,gas,No,No,Yes
186000,18,20400,1512,2,1.5,7,hot air,gas,No,No,Yes
453935,1,233000,2879,4,2.5,9,hot air,gas,No,Yes,Yes
355000,3,43700,2537,4,2,11,hot air,gas,No,No,Yes
186000,37,23500,1056,3,1,4,hot water/steam,gas,No,No,No
197000,16,19600,1296,2,1.5,6,hot air,gas,No,No,No
180000,18,20900,1512,2,1.5,3,electric,electric,No,No,Yes
178000,27,32000,1338,3,2,7,hot air,oil,No,No,No
305000,10,35400,2368,4,2.5,7,hot air,gas,No,No,Yes
262000,8,25100,1528,3,2.5,4,hot air,gas,No,No,Yes
225000,27,30900,1857,4,2.5,8,hot air,gas,No,No,Yes
403040,0,233000,3320,4,2.5,12,hot air,gas,No,Yes,Yes
388500,14,36600,2227,4,2.5,10,hot air,gas,No,No,Yes
417000,6,46500,2742,4,2.5,11,hot air,gas,No,No,Yes
410000,9,37800,2988,5,2.5,11,hot air,gas,No,No,No
170000,17,37000,1656,3,1.5,8,hot air,gas,No,No,Yes
295000,9,28400,1760,3,2.5,5,hot air,gas,No,No,No
216000,39,25000,1702,4,1.5,8,hot air,gas,No,No,No
221649,38,24500,1682,3,1.5,4,hot water/steam,gas,No,No,No
199900,17,28800,1180,2,1.5,4,hot air,gas,No,No,Yes
463000,3,153800,2885,4,2.5,10,hot air,gas,No,No,Yes
146500,20,14900,1281,2,2.5,3,electric,electric,No,No,Yes
225000,18,29500,1596,3,2,4,hot air,gas,No,No,Yes
160000,21,15100,1184,3,2,4,electric,electric,No,No,No
275055,1,108900,2745,4,3,8,hot air,gas,No,Yes,Yes
315513,1,108900,2680,4,2.5,11,hot air,gas,No,Yes,Yes
323759,1,108900,2483,3,2.5,10,hot air,gas,No,Yes,No
167500,19,25000,1188,3,1,4,hot air,oil,No,No,No
272699,1,108900,2366,4,3,7,hot air,gas,No,Yes,Yes
177500,19,27000,1508,3,1.5,4,hot air,gas,No,No,No
128000,50,20500,792,2,1,4,hot water/steam,oil,No,No,No
317105,1,108900,3285,4,2.5,10,hot air,gas,No,No,No
144500,18,15100,1673,2,2,5,electric,gas,No,No,No
260000,7,26000,2000,4,2.5,7,hot air,gas,No,No,No
244000,18,27000,1561,3,1.5,4,electric,electric,No,No,No
287989,1,108900,2828,4,3,9,hot air,gas,No,Yes,Yes
159000,18,15100,1592,3,1.5,8,electric,electric,No,No,No
167000,18,15100,1184,3,2,8,electric,electric,No,No,No
348000,14,10200,1708,2,2,4,hot air,oil,No,No,Yes
140000,26,15200,1276,2,2,6,hot air,electric,No,No,Yes
145000,20,15100,1184,2,1.5,3,electric,electric,No,No,No
150450,21,15800,908,2,1,5,electric,electric,No,No,No
230000,15,32800,1612,3,2,6,hot water/steam,gas,No,No,No
147423,19,15700,912,2,1.5,3,electric,electric,No,No,No
223000,17,27000,1508,3,1.5,6,electric,electric,No,No,No
167500,18,15100,1492,3,2.5,6,electric,electric,No,No,No
299000,25,6000,874,3,1,5,electric,electric,No,No,No
235900,33,26400,1573,4,2.5,6,hot water/steam,gas,No,No,No
147000,115,7200,1227,3,1,5,hot air,gas,No,No,No
305000,13,31300,2494,3,2.5,7,hot air,gas,No,No,No
154000,21,15800,912,2,1.5,7,electric,electric,No,No,No
149000,20,15700,988,2,1,7,electric,electric,No,No,No
300279,1,108900,2762,4,3,9,hot air,gas,No,Yes,No
278000,33,26500,2625,4,2.5,10,hot water/steam,gas,No,No,No
202000,28,24600,1222,2,1,6,electric,electric,No,No,No
328463,1,108900,3144,4,2.5,10,hot air,gas,No,Yes,Yes
185000,16,25000,1173,3,1,5,hot air,gas,No,No,No
128000,21,15800,908,2,1,3,electric,electric,No,No,No
335000,16,32700,2274,4,2.5,10,hot water/steam,gas,No,No,Yes
148900,18,15700,908,2,1,4,electric,gas,No,No,No
229900,16,25000,1540,3,1.5,6,hot air,gas,No,No,No
215000,28,24900,1196,4,2,7,hot air,gas,No,No,No
253000,16,25000,1780,3,1.5,9,hot air,gas,No,No,No
304065,1,108900,2670,4,3,8,hot air,gas,No,Yes,No
222000,26,27000,1581,3,1.5,5,hot air,gas,No,No,No
165000,18,15100,1592,3,1.5,7,electric,electric,No,No,No
275000,14,31200,2011,4,2.5,8,hot air,gas,No,No,Yes
325000,105,56500,1391,2,1,4,electric,electric,Yes,No,No
406000,15,21100,2636,4,2.5,8,hot air,gas,No,No,Yes
230000,19,27000,1656,3,1.5,6,electric,electric,No,No,No
125000,130,2400,1518,3,1,8,hot air,gas,No,No,No
148000,84,18200,1182,3,1.5,8,hot air,oil,No,No,No
279000,9,26000,1836,3,2.5,8,hot air,gas,No,No,Yes
250000,14,31600,1529,2,2,6,hot air,gas,No,No,Yes
314940,0,108900,2715,4,3,10,hot air,gas,No,Yes,No
165900,21,15100,1184,2,1.5,3,electric,electric,No,No,No
150000,14,3700,1120,3,1.5,6,hot air,oil,No,No,No
133000,15,2500,1008,3,1,4,hot air,gas,No,No,No
155000,18,2500,1008,3,1,7,electric,electric,No,No,No
220000,57,4800,2077,3,2,7,hot air,oil,No,No,No
229000,26,4500,1572,3,1.5,4,electric,electric,No,No,No
177000,34,5000,1874,4,1.5,9,hot water/steam,oil,No,No,No
120000,50,1300,768,2,1,6,hot air,gas,No,No,No
195000,3,3800,1552,3,2.5,5,hot air,gas,No,No,No
315371,1,3400,2331,4,2.5,8,hot air,gas,No,No,No
137000,48,3600,960,2,1,3,hot air,gas,No,No,No
225700,19,13000,1720,3,1.5,9,electric,electric,No,No,No
204900,20,13000,1437,3,1.5,8,electric,electric,No,No,No
189500,19,13000,1510,3,2,8,hot air,oil,No,No,Yes
374000,21,26000,3021,4,2.5,11,electric,electric,No,No,No
319000,12,13000,1960,4,2.5,8,hot water/steam,gas,No,No,No
294100,11,13000,2112,3,2.5,10,hot water/steam,gas,No,No,No
440760,0,13000,2917,4,3,10,hot air,gas,No,No,Yes
128000,21,15700,912,2,1.5,4,electric,electric,No,No,No
239505,1,108900,2244,3,2.5,10,hot air,gas,No,Yes,No
141700,18,15100,1202,2,1.5,4,electric,electric,No,No,No
215500,19,27000,2601,4,2.5,10,hot air,gas,No,No,Yes
320210,1,108900,2492,3,2.5,9,hot air,gas,No,Yes,No
273495,1,108900,2680,4,2.5,11,hot air,gas,No,Yes,No
256350,1,108900,2271,3,2.5,6,hot air,gas,No,Yes,No
255000,17,27000,2012,3,3,6,electric,electric,No,No,No
124000,13,6700,920,3,1,8,electric,electric,No,No,No
293000,5,110000,2111,3,2,9,hot air,gas,No,No,Yes
147000,20,15100,1184,3,2,4,hot water/steam,gas,No,No,No
284595,1,108900,2627,4,3,10,hot air,gas,No,Yes,No
342269,1,108900,2641,4,3,9,hot air,gas,No,Yes,No
229000,25,25000,1736,3,1.5,8,hot water/steam,gas,No,No,No
216900,19,27000,1656,3,1.5,7,electric,electric,No,No,No
164900,22,15100,1168,3,1.5,6,electric,electric,No,No,No
149000,18,15100,1385,2,1.5,3,hot air,gas,No,No,No
150000,85,3600,969,2,1,4,hot air,oil,No,No,No
214990,17,27000,1508,3,1.5,6,hot water/steam,gas,No,No,No
173000,26,15100,1602,2,1.5,7,hot air,gas,No,No,Yes
149900,19,15800,912,2,1.5,4,electric,electric,No,No,No
155000,18,15100,1128,2,1.5,3,electric,electric,No,No,No
170000,18,15100,1514,3,1.5,5,electric,electric,No,No,No
237500,19,27000,1535,3,2,5,hot water/steam,electric,No,No,No
297065,1,108900,2722,4,3,9,hot air,gas,No,Yes,No
342202,1,108900,2711,4,2.5,9,hot air,gas,No,Yes,Yes
345264,1,108900,3020,4,3,11,hot air,gas,No,Yes,Yes
325046,1,108900,2712,4,2.5,10,hot air,gas,No,Yes,No
367000,19,21400,2556,4,2.5,8,electric,electric,No,No,Yes
159900,21,15200,1184,3,2,4,electric,electric,No,No,No
145000,21,15700,912,2,1.5,3,hot air,gas,No,No,No
272500,18,27000,2212,4,2.5,10,hot air,gas,No,No,Yes
163255,25,15100,1602,2,1.5,3,hot air,gas,No,No,Yes
319000,1,108900,3285,4,3,12,hot air,gas,No,Yes,No
160600,20,15100,1406,2,1.5,3,electric,electric,No,No,No
246000,20,27000,1472,3,2,6,hot air,gas,No,No,Yes
153000,57,10200,1072,2,1,6,hot air,oil,No,No,No
295000,15,30000,2504,5,2.5,10,hot air,gas,No,No,No
159000,18,15100,1184,2,1.5,3,electric,electric,No,No,No
148400,20,15700,912,2,1.5,5,electric,electric,No,No,No
311000,10,30000,2120,3,2.5,7,hot air,gas,No,No,Yes
314000,1,108900,3344,4,3.5,11,hot air,gas,No,Yes,No
250000,25,27000,2243,3,2.5,6,hot air,electric,No,No,Yes
149000,21,15700,908,2,1,3,electric,electric,No,No,No
307890,1,108900,2714,4,3,12,hot air,gas,No,Yes,No
223000,18,27000,1360,3,1.5,8,electric,electric,No,No,No
219000,27,24600,1719,3,1.5,5,electric,electric,No,No,No
178000,28,24800,1404,3,1.5,6,electric,electric,No,No,No
295925,0,108900,2134,4,2.5,9,hot air,gas,No,Yes,No
141160,20,15800,912,2,1.5,6,electric,electric,No,No,No
229900,9,30000,1423,3,1.5,8,electric,electric,No,No,Yes
254900,10,30000,2044,3,2,5,hot air,gas,No,No,No
126000,28,3900,896,2,1,4,hot air,oil,No,No,No
176500,55,4600,1380,3,1.5,6,hot water/steam,oil,No,No,Yes
161800,41,3500,960,3,1,7,hot air,gas,No,No,No
112200,44,2400,840,2,1,4,hot air,gas,No,No,No
154500,35,5700,1820,4,1.5,8,hot water/steam,gas,No,No,No
300000,19,5000,2144,3,2.5,8,hot air,oil,No,No,Yes
206000,17,5100,1610,3,2,8,hot air,gas,No,No,No
257000,6,1700,1752,3,2.5,7,hot air,gas,No,No,No
182000,36,3300,1729,4,1.5,8,hot water/steam,gas,No,No,No
161000,37,4400,1056,3,1,6,hot air,gas,No,No,No
176000,21,12250,1292,3,1.5,6,electric,electric,No,No,No
177160,35,7200,832,3,1,8,hot air,oil,No,No,No
355063,0,13000,2256,4,2.5,8,hot air,gas,No,Yes,Yes
213000,20,10000,1274,3,2,4,electric,electric,No,No,No
266500,18,13000,1608,3,2.5,4,electric,electric,No,No,No
285000,13,13000,1868,3,2.5,9,hot water/steam,gas,No,No,No
178900,21,36500,1554,3,1,4,electric,electric,No,No,No
300000,34,30800,3604,6,3.5,12,hot water/steam,gas,No,No,No
211000,41,28600,1887,4,2.5,8,hot water/steam,gas,No,No,Yes
451000,52,84000,1326,3,1,7,hot air,oil,No,No,Yes
201400,30,28600,1876,3,2.5,6,hot water/steam,gas,No,No,No
195900,34,30000,1672,3,0,5,hot air,gas,No,No,No
190000,35,34900,2064,4,2.5,6,hot air,gas,No,No,Yes
150000,19,19100,1138,2,1,4,electric,electric,No,No,No
206000,19,36000,1814,3,1.5,7,hot air,gas,No,No,Yes
285000,28,35000,2380,4,1.5,10,electric,electric,No,No,Yes
120000,24,14000,976,2,2,3,electric,electric,No,No,No
377500,21,116300,2886,4,2.5,9,hot air,gas,No,No,Yes
340000,8,19300,2483,4,2.5,10,hot air,gas,No,No,No
240000,35,32300,1846,3,1.5,6,hot air,gas,No,No,No
295000,17,36900,2592,4,2.5,12,hot air,gas,No,No,Yes
215000,21,39100,1792,3,1.5,9,electric,electric,No,No,Yes
275000,35,27800,2588,4,2.5,10,hot water/steam,gas,No,No,No
189000,53,21600,1210,3,1,7,hot water/steam,gas,No,No,No
156000,26,17600,1290,2,1.5,3,hot air,gas,No,No,Yes
410000,11,86900,2444,4,3,11,hot air,gas,No,No,No
264500,34,27400,2376,4,2.5,9,hot water/steam,gas,No,No,No
145500,20,17600,1480,3,1.5,4,hot air,gas,No,No,No
116500,22,17200,1375,2,1.5,4,hot air,gas,No,No,Yes
264500,40,26600,2676,4,2.5,11,hot water/steam,gas,No,No,No
215000,32,24500,1778,3,1.5,6,hot air,gas,No,No,No
263000,28,28800,2570,5,2.5,12,hot water/steam,gas,No,No,No
243000,9,34900,1272,2,1.5,6,hot air,gas,No,No,No
203000,30,23900,1852,3,1.5,6,hot air,gas,No,No,Yes
335000,10,34700,2298,4,2.5,9,hot air,gas,No,No,Yes
385000,7,17500,2259,4,2.5,9,hot air,gas,No,No,Yes
210000,38,31700,2426,4,2.5,7,hot water/steam,gas,No,No,No
154000,20,18400,1480,3,1.5,5,hot water/steam,gas,No,No,No
155000,20,18700,1244,2,2,6,hot air,gas,No,No,Yes
165000,22,18700,1479,3,1.5,4,hot air,gas,No,No,No
300000,15,40000,2358,4,2.5,7,hot air,gas,No,No,No
240000,33,32700,1453,4,2,9,hot air,gas,No,No,Yes
182000,40,27800,2080,4,1.5,10,hot air,gas,No,No,Yes
194000,64,73500,1960,3,1.5,9,hot water/steam,oil,No,No,No
410000,3,13200,2600,4,2.5,10,hot air,gas,No,No,Yes
280000,18,40800,1897,4,2.5,7,hot air,gas,No,No,Yes
235000,37,27800,1872,4,2.5,9,hot water/steam,gas,No,No,No
185000,27,16400,1260,2,1.5,6,hot air,gas,No,No,Yes
167000,21,14700,1228,3,1.5,5,hot air,gas,No,No,Yes
206500,35,34500,1956,4,2,7,hot air,gas,No,No,Yes
165000,19,16000,1480,3,2.5,6,hot air,gas,No,No,Yes
230000,42,27800,1793,4,1.5,9,hot air,gas,No,No,Yes
235000,34,35700,2078,4,1.5,6,hot air,gas,No,No,No
200500,26,27900,1666,3,1.5,4,hot air,gas,No,No,Yes
310000,21,27400,2378,3,2.5,9,hot water/steam,gas,No,No,No
169900,27,16400,1452,3,1.5,5,hot air,gas,No,No,Yes
210500,22,32000,1792,3,1.5,5,electric,electric,No,No,No
305000,16,35900,2290,4,2,7,hot water/steam,oil,No,No,No
508000,1,116700,3511,4,2.5,12,hot air,gas,No,No,No
220000,39,30500,1922,4,1.5,9,hot air,gas,No,No,No
256000,20,29000,2263,4,2.5,11,hot water/steam,gas,No,No,No
196900,35,30500,1672,4,1.5,6,hot air,gas,No,No,Yes
233000,30,21900,1902,3,1.5,5,hot air,gas,No,No,Yes
140000,20,16400,1479,2,1.5,7,hot air,gas,No,No,Yes
162900,20,18200,1314,2,1.5,5,electric,electric,No,No,No
178000,18,18700,1302,2,1.5,4,electric,electric,No,No,Yes
265000,40,34100,2310,5,2.5,10,hot water/steam,gas,No,No,No
454900,9,75800,2880,4,2.5,11,hot air,gas,No,No,No
215000,53,69400,1948,2,1.5,5,hot air,oil,No,No,Yes
248000,16,39600,1613,3,1.5,8,hot air,gas,No,No,Yes
395000,16,35000,2803,4,3,10,hot water/steam,gas,No,No,Yes
171500,20,16800,1479,3,1.5,4,electric,electric,No,No,Yes
268000,27,62000,2147,4,2.5,10,hot air,gas,No,No,Yes
166500,20,16400,1314,2,1.5,4,electric,electric,No,No,Yes
355000,7,39000,2330,4,2.5,7,hot air,gas,No,No,Yes
165000,13,38300,1352,3,1,8,hot air,gas,No,No,No
300000,34,37300,2276,5,2.5,10,hot water/steam,gas,No,No,No
350000,18,63500,2162,4,2.5,9,hot air,gas,No,No,Yes
279900,19,62800,2091,4,2.5,8,hot air,gas,No,No,Yes
265000,37,33500,2564,4,2.5,8,hot water/steam,gas,No,No,No
267000,33,25100,2050,4,1.5,9,hot air,gas,No,No,No
235000,38,35300,1768,3,2,5,hot water/steam,gas,No,No,No
299900,18,60500,2497,3,2.5,9,hot air,gas,No,No,Yes
167000,26,16800,1290,2,1.5,7,hot air,gas,No,No,Yes
168000,149,28000,1776,3,2,8,hot air,oil,No,No,No
150000,21,16800,1480,3,1.5,6,electric,electric,No,No,No
255000,21,25400,1910,4,2.5,6,hot air,gas,No,No,Yes
455000,29,70500,2828,3,2.5,10,electric,electric,No,No,Yes
351100,3,16100,2535,4,2.5,10,hot air,gas,No,No,No
315000,36,27400,2576,4,2.5,12,hot water/steam,gas,No,No,No
220000,21,28000,1500,3,1.5,7,hot air,gas,No,No,No
159000,20,18400,1480,3,1.5,8,electric,electric,No,No,No
341000,16,68800,2250,3,2.5,8,hot air,gas,No,No,Yes
276000,19,36600,1831,3,2,5,hot air,gas,No,No,Yes
309000,19,62800,2214,4,2.5,10,hot air,gas,No,No,Yes
217021,31,32700,1846,3,1.5,7,hot water/steam,gas,No,No,No
188500,19,16000,1302,2,1.5,6,hot air,gas,No,No,Yes
320000,33,50300,2212,4,2.5,9,hot air,gas,No,No,Yes
247000,40,39000,1783,4,2.5,10,hot air,gas,No,No,No
166000,21,18000,1480,2,1.5,7,electric,electric,No,No,No
236000,37,38800,1794,3,2,6,hot water/steam,oil,No,No,No
233900,32,24500,1918,4,1.5,6,hot air,gas,No,No,Yes
162740,21,16800,1480,3,1.5,8,hot air,gas,No,No,No
225000,35,32300,1756,4,1.5,7,hot air,gas,No,No,No
360000,17,77200,2499,4,3,7,hot water/steam,gas,No,No,Yes
281520,34,30800,2310,5,3,8,hot water/steam,gas,No,No,Yes
365000,0,37900,2950,4,2.5,12,hot air,gas,No,No,No
315000,20,71000,2702,4,2.5,10,hot air,gas,No,No,Yes
297900,15,34000,2288,3,2.5,8,hot air,gas,No,No,Yes
270000,35,30900,1838,4,1.5,7,hot air,gas,No,No,Yes
260000,27,25800,2310,4,2.5,10,hot water/steam,gas,No,No,No
72000,85,24600,1152,3,1,6,electric,electric,No,No,No
229500,22,22600,1577,3,2,8,hot air,gas,No,No,No
275000,19,30200,2175,4,2.5,10,hot water/steam,gas,No,No,No
155000,23,19500,1375,2,1.5,4,hot air,gas,No,No,No
225570,27,23800,1616,3,3,8,hot water/steam,gas,No,No,No
224000,38,34700,1954,4,2,10,hot air,gas,No,No,No
290000,34,32300,2728,4,2.5,10,hot water/steam,gas,No,No,No
262000,35,33200,2553,4,2.5,9,hot water/steam,gas,No,No,No
319900,3,11900,1963,4,2.5,8,hot air,gas,No,No,No
265000,43,27000,2564,4,2.5,11,hot water/steam,gas,No,No,No
255000,19,35500,1792,3,1.5,7,electric,gas,No,No,Yes
217300,40,27800,1663,3,1,8,hot water/steam,gas,No,No,No
291000,6,17200,2070,4,2.5,6,hot air,gas,No,No,Yes
319000,26,48000,2588,4,2.5,12,hot air,oil,No,No,Yes
271500,35,30200,2276,5,2.5,9,hot water/steam,gas,No,No,No
224900,45,28200,1732,4,2,7,hot air,gas,No,No,No
260000,39,32900,2310,5,2.5,9,hot water/steam,gas,No,No,No
199900,38,22100,1742,4,1,10,hot water/steam,gas,No,No,Yes
252659,36,25400,2802,4,2.5,8,hot water/steam,gas,No,No,No
312500,16,36400,1902,4,2.5,6,hot air,gas,No,No,Yes
290000,22,48000,2030,4,2.5,10,hot air,gas,No,No,Yes
155000,59,29900,1498,2,1,7,hot air,gas,No,No,No
355000,20,67300,2116,3,2.5,10,hot air,gas,No,No,Yes
190000,37,35700,2108,4,2.5,10,hot water/steam,gas,No,No,No
130000,16,1600,1480,2,2.5,4,hot air,gas,No,No,Yes
264000,1,32000,2427,3,2.5,9,hot air,gas,No,Yes,No
193980,12,10400,1348,2,2,5,hot air,gas,No,No,No
219900,13,9000,1391,3,2,8,hot air,gas,No,No,No
469900,2,74800,3422,4,4,12,hot air,gas,No,Yes,Yes
314230,1,74800,2686,4,3,10,hot air,gas,No,Yes,Yes
138900,14,5400,1034,2,1.5,3,hot water/steam,gas,No,No,Yes
160000,14,9700,1072,2,1,7,hot air,gas,No,No,Yes
228000,12,15200,1512,3,2,8,hot air,gas,No,No,No
224400,17,24100,1008,2,1,5,electric,electric,No,No,No
132870,17,1600,1480,3,1.5,5,hot water/steam,gas,No,No,No
135600,34,16600,912,3,1,4,hot air,gas,No,No,No
150600,17,1800,1480,3,1.5,7,hot water/steam,gas,No,No,Yes
335000,16,11900,1558,3,2,7,electric,electric,No,No,No
316250,0,74800,2648,4,2.5,11,hot air,gas,No,Yes,No
181280,26,9800,2248,4,1,10,hot air,gas,No,No,No
158000,85,16400,1461,3,1,6,hot air,oil,No,No,No
221000,11,7700,1470,3,2.5,8,hot air,gas,No,No,No
230000,8,4000,1900,3,1.5,6,hot air,gas,No,No,No
299000,8,13000,2054,4,2.5,6,hot air,gas,No,No,Yes
148000,16,1800,1480,2,2.5,4,hot air,gas,No,No,No
267500,14,8600,1822,3,2,9,hot air,gas,No,No,No
259000,12,17900,1620,3,2.5,5,hot air,gas,No,No,No
321000,14,21000,2120,4,2.5,8,hot air,gas,No,No,Yes
409790,1,74800,3009,5,3.5,12,hot air,gas,No,Yes,No
184000,35,9000,1791,4,1,10,hot air,gas,No,No,No
145000,16,1800,1480,2,2.5,3,hot air,electric,No,No,Yes
310000,14,20600,1300,3,2,4,electric,electric,No,No,No
170000,16,1800,1480,3,1.5,5,hot air,gas,No,No,No
210500,15,9700,1876,3,2,6,hot air,gas,No,No,No
199900,13,8000,1564,3,2,5,hot air,gas,No,No,No
150000,70,9800,1248,3,1.5,4,hot water/steam,gas,No,No,No
153000,16,2900,1480,2,2.5,4,hot air,gas,No,No,No
334000,12,19300,2281,4,2.5,7,hot air,gas,No,No,No
216900,38,8000,2395,3,1.5,6,hot air,gas,No,No,Yes
259000,15,16800,1915,4,2.5,10,hot air,gas,No,No,No
240000,12,10800,1400,3,1.5,4,hot air,gas,No,No,No
186030,38,9300,1104,4,1,9,hot air,gas,No,No,Yes
203000,14,13500,1796,3,2.5,8,hot air,gas,No,No,Yes
255000,15,13700,1512,3,1.5,6,hot air,gas,No,No,No
119000,95,3200,1646,3,1,5,hot water/steam,gas,No,No,No
260800,5,4000,1868,3,2.5,7,hot air,gas,No,No,No
169000,15,6800,1301,3,1.5,4,hot air,gas,No,No,No
225000,15,11200,1652,3,2,7,electric,electric,No,No,No
124000,33,8500,1056,3,1,7,hot water/steam,oil,No,No,No
245000,22,15100,2312,3,1.5,10,hot air,gas,No,No,No
250000,15,19200,2072,3,2.5,5,hot air,gas,No,No,Yes
172000,20,7800,1200,2,1,6,electric,electric,No,No,No
153500,33,12000,1764,3,1.5,7,hot air,oil,No,No,No
165000,17,20100,960,3,1,4,hot air,gas,No,No,No
159000,22,15800,988,2,2,4,hot air,gas,No,No,No
171500,19,15200,1514,3,1.5,7,electric,electric,No,No,No
240000,13,26900,1320,3,2,7,hot air,gas,No,No,Yes
409550,1,83500,2719,3,2,9,hot air,gas,No,Yes,Yes
302000,11,41700,1796,3,2.5,6,hot air,gas,No,No,No
285000,4,53900,1709,3,2.5,5,hot air,gas,No,No,No
385900,1,233000,3008,4,2.5,11,hot air,gas,No,Yes,Yes
140595,71,18600,1350,3,1,5,hot air,oil,No,No,No
213000,20,20000,1200,3,1.5,7,electric,electric,No,No,Yes
335000,3,53900,1857,3,2.5,6,hot air,gas,No,No,Yes
290000,15,31200,2305,4,2.5,11,hot air,gas,No,No,Yes
265000,1,15000,2184,3,2.5,10,hot air,gas,No,Yes,Yes
334000,116,16400,1668,3,2,7,hot air,gas,No,No,No
382406,1,108900,2712,4,2.5,12,hot air,gas,No,Yes,Yes
149300,20,15700,912,2,1.5,3,electric,electric,No,No,No
212000,21,27000,1508,3,1.5,4,electric,electric,No,No,No
195000,28,24500,1232,3,1,6,electric,electric,No,No,No
245000,106,35900,1836,4,1.5,6,hot air,gas,No,No,No
422680,176,46200,4486,6,4,12,hot water/steam,gas,No,No,No
240000,38,70400,2204,3,2,8,hot water/steam,oil,No,No,No
156000,19,15100,1184,3,2,7,hot air,gas,No,No,No
265000,1,15000,2184,3,2.5,8,hot air,gas,No,Yes,Yes
334000,116,16400,1668,3,2,5,hot air,gas,No,No,No
382406,1,108900,2712,4,2.5,11,hot air,gas,No,Yes,Yes
149300,20,15700,912,2,1.5,5,electric,electric,No,No,No
212000,21,27000,1508,3,1.5,4,electric,electric,No,No,No
195000,28,24500,1232,3,1,4,electric,electric,No,No,No
171600,15,4650,960,3,1,4,electric,electric,No,No,No
245000,106,35900,1836,4,1.5,8,hot air,gas,No,No,No
282000,12,56300,1836,4,1.5,6,hot air,gas,No,No,Yes
260000,42,27100,1803,4,1.5,6,hot water/steam,gas,No,No,No
254500,9,20400,1463,3,2,8,hot air,gas,No,No,Yes
179900,27,16800,1290,2,1.5,7,hot air,gas,No,No,Yes
255000,38,29900,2310,5,2.5,10,hot water/steam,gas,No,No,No
265000,40,26200,1664,3,2,4,hot water/steam,gas,No,No,Yes
174000,21,16400,1479,3,1.5,8,hot air,gas,No,No,No
322000,7,9100,2483,4,2.5,8,hot air,gas,No,No,Yes
337000,4,60500,2480,4,2.5,10,hot air,gas,No,No,Yes
221450,121,33000,2699,6,1,12,hot air,oil,No,No,No
247000,28,34000,1676,3,2.5,8,hot air,gas,No,No,Yes
180000,38,30200,2816,5,2.5,10,hot water/steam,gas,No,No,No
229900,26,23800,1966,3,1.5,7,hot water/steam,gas,No,No,No
230000,39,34700,2112,4,1.5,9,hot air,gas,No,No,No
388000,9,74400,2762,4,2.5,12,hot air,gas,No,No,No
350000,23,72200,2184,3,2.5,9,hot air,gas,No,No,Yes
169700,22,16800,1480,3,1.5,7,electric,electric,No,No,No
190000,39,34700,1624,3,1,4,hot air,gas,No,No,No
317500,19,30200,1650,3,2,4,hot air,gas,No,No,Yes
70000,34,36700,1313,2,1.5,3,electric,electric,No,No,No
300000,19,33500,2600,4,2.5,11,hot water/steam,gas,No,No,No
145400,22,18300,945,2,1,5,hot air,gas,No,No,No
183500,57,23200,1121,3,1.5,4,hot air,oil,No,No,No
275900,0,7300,2288,3,2.5,8,hot air,gas,No,Yes,No
436023,5,43400,2718,4,2.5,12,hot air,gas,No,No,Yes
319900,42,31400,2464,4,2.5,8,hot water/steam,gas,No,No,No
249000,41,45800,2426,4,2,7,hot water/steam,gas,No,No,No
289000,32,24200,2310,5,2.5,11,hot water/steam,gas,No,No,No
285000,37,36200,2564,4,2.5,11,hot water/steam,gas,No,No,No
194900,9,20400,1099,2,1,3,hot air,gas,No,No,No
125000,48,16800,1225,3,1,7,hot air,gas,No,No,No
111300,86,26000,1959,3,1,6,hot air,gas,No,No,No
